Link,Title,Location,Salary,Summary
https://kr.indeed.com/viewjob?jk=d7039bbe058a66ef,"iOS 경력 정규직, 계약직",성남 분당구,"연봉 30,000,000원 - 35,000,000원","등록 경험자 (주)앱플러 iOS 경력 정규직, 계약직 채용 모집부문 및 자격요건 담당업무 자격요건 인원 [담당업무] iOS 개발 [근무부서 및 직급... 취소될 수 있습니다. 인터넷·IT·통신·모바일·게임>응용프로그래머> iOS"
https://kr.indeed.com/viewjob?jk=d6ee4fd08ec942cc,Network Operations Engineer,대구,,"troubleshooting, and design. Experience with Cisco IOS XR, JUNOS, and Cisco IOS codes. Pearl or other language scripting..."
https://kr.indeed.com/viewjob?jk=a98434cf4555c3af,[NAVER Cloud] MYBOX iOS 개발,성남 분당구,,iOS 개발#iOS#Swift#Objective-C#Combine[역할]- MYBOX iOS App 개발 [지원자격/필요역량]- iOS 개발 2년... 통신·모바일·게임>응용프로그래머> iOS|인터넷·IT·통신·모바일·게임>통신...
https://kr.indeed.com/viewjob?jk=d0944f0c610fcb25,[웹젠] 게임보안(경력),성남 분당구,,보안 프로세스 수립 • 자격사항 - 관련경력 1년 이상 - PC/AOS/ IOS 어플리케이션 리버싱 가능한 분 - C/C++/Python/Java 등... 관련경력 1년 이상 - PC/AOS/ IOS 어플리케이션 리버싱 가능한 분...
https://kr.indeed.com/viewjob?jk=83fc000d4af7d34d,"Android 개발, iOS개발 외 경력 정규직",경기도 하남,"연봉 30,000,000원 - 35,000,000원","비포 Android 개발, iOS개발 외 경력 정규직 채용 모집부문 및 자격요건 모집부문 담당업무 자격요건 인원 Android 개발 iOS개발웹 개발... 통신·모바일·게임>응용프로그래머> iOS|인터넷·IT·통신·모바일·게임>웹프..."
https://kr.indeed.com/viewjob?jk=26e3050e643db434,iOS 개발자 모집,서울 몽촌토성역,,모집요건 모집 부문 담당업무 및 자격요건 인원 iOS Application 개발 [담당업무] – iOS Application 개발 – 기술적 문제 해결 [필수사항] – iOS개발 경력 3년 이상 – Objective-C...
https://kr.indeed.com/viewjob?jk=e386b25b56a0f255,"IOS, 안드로이드 개발자",제주도,,인터넷·IT·통신·모바일·게임>통신·모바일>스마트폰 어플리케이션(App)|인터넷·IT·통신·모바일·게임>응용프로그래머> iOS
https://kr.indeed.com/viewjob?jk=79b0a7b5d7be505d,[아이콘트롤스] 2021년 하반기 경력사원 모집,서울특별시,,"바일 서비스 상세설계 ㆍ서비스 품질개선 [자격요건] ㆍ전공 : 전공 무관 ㆍ총경력 : 4년 이상~10년 이하 ㆍ iOS, Android 모바일 App 개발 - 하이브리드 프레임워크 기반 모바일 서비스 개발 역량을 보유하신 분..."
https://kr.indeed.com/viewjob?jk=53c03efd88bedf49,[브런치/티스토리] iOS 앱 개발자 모집,성남 판교역,,브런치와 티스토리의 Android/ iOS 앱 개발을 담당하는 조직입니다... iOS 티스토리. 무엇이든 표현할 수 있는 대한민국 대표 블로그 Web / Android / iOS 업무내용 브런치 iOS 앱 개발 모든...
https://kr.indeed.com/viewjob?jk=662beff5f293820b,AR/VR SDK 개발자 모집,성남 판교역,,"업무내용 C++ 기반 SDK 모듈 설계, 구현 및 개선 Android, iOS 및 PC/Web 플랫폼향 API 개발 (C++, Java/Kotlin... 프로젝트 경험 Android 또는 iOS 환경에서의 그래픽스 프로젝트 경험..."
https://kr.indeed.com/viewjob?jk=2283442e03bd5d3d,유명 주식투자 정보제공 기업 앱개발자 (정규직),서울 서초구,"연봉 50,000,000원 - 60,000,000원",제출서류에 허위사실이 있을 경우 채용이 취소될 수 있습니다. 인터넷·IT·통신·모바일·게임>응용프로그래머>API|인터넷·IT·통신·모바일·게임>응용프로그래머>Android|인터넷·IT·통신·모바일·게임>응용프로그래머> iOS
https://kr.indeed.com/viewjob?jk=926fd4cedb1c580f,[AIRS] Car Life Service iOS 개발,서울,,지원부문 부문 분야 직위 근무지 S/W S/W 연구원~책임연구원 서울 강남
https://kr.indeed.com/viewjob?jk=22284ae90e95e17d,"모바일 플랫폼 (Android, iOS) SDK 개발자",성남 분당구,,"SDK 개발 및 연동 지원 지원자격 - Objective-C 또는 Java를 능숙히 사용하시는 분 - iOS 또는 Android 개발에 대한 지식이 있으신 분 - 자료구조, 알고리즘, 데이터베이스, 통신 등 프로그래밍..."
https://kr.indeed.com/viewjob?jk=61b5c68641f67ece,서비스디자인팀 디자이너 (),성남 판교역,,"역량을 지닌 분 -UI 디자인 툴 (Figma, Sketch, Zeplin, Adobe 등) 활용 능력 - iOS, Android, Web 디자인 경험 -비즈니스 관점을 고려한 디자인 아이디어 구현 경험 -협업 부서와..."
https://kr.indeed.com/viewjob?jk=581f23d240989995,[Expert] iOS 클라이언트 개발자,서울 중구,,[Expert] iOS 클라이언트 개발자 1. 주요 수행업무 및 역할 • Ifland(이프랜드) iOS App 개발 • 메타버스 서비스 관련 선행 기술... 통신·모바일·게임>응용프로그래머> iOS|인터넷·IT·통신·모바일·게임>통신...
https://kr.indeed.com/viewjob?jk=acbef636763c78a8,"카카오톡 #탭, 다음앱 서비스 앱 개발자 모집 (Android, iOS)",성남 판교역,,"직원 유형 정규직 영입인원 0 명 조직소개 저희 팀은 뉴스/연예/스포츠 등 미디어 콘텐츠와 사용자의 관심사에 기반한 다양한 주제별 콘텐츠를 사용자에게 맞춤형으로 제공하려는 목표를 가지고, 카카오톡 #탭과 다음앱 서비..."
https://kr.indeed.com/viewjob?jk=ba69ef1c774fa15a,신생 스타트업 안드로이드/iOS 개발자분,서울 대치동,,"모바일 앱 (안드로이드 or iOS) 개발 - 추후 필요시 Web 개발... 않더라도 이곳이 내가 찾던 팀이라고 느껴지시는 분, 그리고 안드로이드/ iOS 중 하나라도 자신있으신 분은 부담없이 연락주세요. 스타트업에서 가장 중요..."
https://kr.indeed.com/viewjob?jk=02b692efa5de2722,약문약답과 함께 성장할 프론트엔드 SW 개발자,성남 분당구,,"을 이용한 component, page 설계 경험 • iOS, Android에서 동일한 코드의 Web View가 다르게 동작하는 오류를 해결해 본 경험 예시) iOS 스크롤 이슈, Keyboard와 view 영역의 상호작용..."
https://kr.indeed.com/viewjob?jk=0a793c1701f1448e,카카오톡 QA 모집,성남 판교역,,하고 있습니다. 업무내용 카카오톡 IOS/Android/Windows... 점검 및 개선 활동 지원자격 SW 테스팅 및 QA 경력 3년이상 IOS/Android/Windows/MacOS/Web 테스팅 경력이 있으신 분...
https://kr.indeed.com/viewjob?jk=7cbdce25abd6c329,글로벌 화장품 ODM 1위 기업 PRODUCT DESIGNER (UI) 포지션,성남 판교역,"연봉 60,000,000원 - 90,000,000원","구축 혹은 고도화 유경험자 2. Lo-fi, Hi-fi 프로토타이핑 툴 활용 역량 3. Web, App ( ios,android) 제품 환경에 대한 높은 이해도 근무 형태: 정규직 급여: 60,000,000원 - 90..."
https://kr.indeed.com/viewjob?jk=e9c2877f5b41cf34,[카카오스토리] iOS 개발자 모집,성남 판교역,,직원 유형 정규직 영입인원 1 명 조직소개 카카오스토리를 만들어나갈 iOS 개발자를 모집합니다. 매일 수백만 사용자가 사용하는 SNS 서비스를... 이션을 개발합니다. 지원자격 iOS 어플리케이션 개발 경력이 만 2년...
https://kr.indeed.com/viewjob?jk=63bd0323ac917d78,[아이콘트롤스] 2020년 경력 직원 (기술연구소) 연구개발부문,성남 분당구,,그래머>백엔드|인터넷·IT·통신·모바일·게임>응용프로그래머>JAVA|인터넷·IT·통신·모바일·게임>응용프로그래머> iOS|인터넷·IT·통신·모바일·게임>응용프로그래머>Android|인터넷·IT·통신·모바일·게임>시스템프로그래머...
https://kr.indeed.com/viewjob?jk=22867dae9d537625,각 부문별 직원,서울 강남구,,애니메이션>캐릭터디자인|디자인>캐릭터·애니메이션>만화·애니메이션|인터넷·IT·통신·모바일·게임>응용프로그래머> iOS|인터넷·IT·통신·모바일·게임>응용프로그래머>Android|인터넷·IT·통신·모바일·게임>웹프로그래머>백엔드...
https://kr.indeed.com/viewjob?jk=e7df8a0e438bb815,[분당] 의료IT기업 모바일(Android/iOS) 개발자,성남 분당구,"연봉 40,000,000원 - 50,000,000원",모바일 (Android/ iOS) 개발자 모집부문 및 자격요건 담당업무 자격요건 인원 [담당업무]- 모바일(Android/ iOS) 솔루션 연구 및 개발... 로그래머>Android|인터넷·IT·통신·모바일·게임>응용프로그래머> iOS
https://kr.indeed.com/viewjob?jk=e99d30a8f6947b41,모니터링 솔루션 개발자 모집,성남 판교역,,있는 뷰를 개발 Android/ iOS 모바일 앱과 모니터링 SDK를 개발... 또는 iOS 개발 프로젝트 실무 3년 이상 개발자 Android : Java 또는 Kotlin 을 이용하여 애플리케이션 개발이 가능하신 분 iOS...
https://kr.indeed.com/viewjob?jk=1f136085443c637f,"테크니컬 라이터(Technical Writer), Documentation Engineering 모집",성남 판교역,,"가르칩니다. 복잡한 문서 프로젝트를 관리합니다. 관련 샘플 코드로 개발자 문서를 보완합니다. 웹, iOS 및 Android와 같은 여러 플랫폼과 신기술을 지속적으로 탐색합니다. 지원자격 3년 이상의 Technical..."
https://kr.indeed.com/viewjob?jk=8c460db8af1d5793,"UI·UX디자인, UI설계 경력 정규직",성남 분당구,,"툴 활용역량o Web, App( iOS, Android) 제품환경에 대한... o Lo.fi, Hi.fi 프로토타이핑 툴 활용역량o Web, App( iOS, Android) 제품환경에 대한 높은 이해도 [자격요건]경력사항: 경력..."
https://kr.indeed.com/viewjob?jk=fb71022596fa2284,금융권 플랫폼 중급 ios 아이폰 개발자,서울 중구,,개발중인 프로젝트 입니다.등급 : 중급 1명필수 : 스위프트 / IOS 아이폰 개발자 8월 투입 예정입니 인터넷·IT·통신·모바일·게임>응용프로그래머>Objective-C|인터넷·IT·통신·모바일·게임>응용프로그래머> iOS
https://kr.indeed.com/viewjob?jk=deb212e59f4fe09a,[TmaxEdu/기술] Edu 제품 QA 담당자,성남 분당구,,"교육 플랫폼 서비스 앱/웹 QA 진행 업무 - Mobile(android, ios) 앱 QA 진행 업무 - 사용성 관점 리뷰를 통해 서비스 사용성 개선... Unix/Linux/Android/ IOS 등 다양한 OS 경험이 있으신 분..."
https://kr.indeed.com/viewjob?jk=f2aa6cf7a4178e36,스마트빌딩/오피스/팩토리 부문 경력,서울 강남구,,전형 단계별 합격자 발표는 개별 연락 예정입니다. 경영·인사·총무·사무>경영·기획·전략>사업기획|인터넷·IT·통신·모바일·게임>통신·모바일>스마트폰 어플리케이션(App)|인터넷·IT·통신·모바일·게임>응용프로그래머> iOS
https://kr.indeed.com/viewjob?jk=228045887af945b0,[NHN Dooray] Dooray 서비스 모바일 개발 경력,성남 분당구,,인재를 찾습니다! 열정을 가진 분들의 많은 지원 바랍니다. [ iOS 앱개발] Job Description 자격요건 우대사항- 인터넷·IT·통신·모바일·게임>응용프로그래머> iOS|인터넷·IT·통신·모바일·게임>응용프로그래머...
https://kr.indeed.com/viewjob?jk=a2b38b230474e622,카카오 전사 QA 모집,성남 판교역,,"테스팅 및 QA 경력 3년 이상 소프트웨어 테스팅 전문지식 보유자 또는 ISTQB, CSTS 등 자격증 소지자 IOS/Android/Windows/MacOS/Web 테스팅 경력 혹은 플랫폼에 대한 이해도가 있으신 분 서비스..."
https://kr.indeed.com/viewjob?jk=621bd32d7c5926df,iOS 개발 및 운영 경력인재 - 우량대기업,서울,,iOS 개발 및 운영 경력인재 채용 - 우량대기업 1. 채용 회사: 글로벌 우량대기업2. 채용포지션: iOS App 개발 Task - 선임 ~ 책임연구원 (다수 채용 계획) 3. 담당 직무: iOS App 개발 및 운영...
https://kr.indeed.com/viewjob?jk=d83fc0dd2641f483,전문연구요원 (병역특례) 수시 (AI / SW 분야),성남 분당구,"연봉 40,000,000원 - 100,000,000원",에서 Shell Script 사용 경험 - RESTful API 이해 및 사용 경험 - Android 또는 iOS App 개발 경험 - 분산 처리 시스템 개발 경험 - ONNX Format 분석 경험 및 이해 - Tensor...
https://kr.indeed.com/viewjob?jk=e6e3a5effcabf894,TOAST CAM 개발자,성남 판교역,,한자 - ReactiveX [TOAST CAM iOS 개발] Job Description 자격요건 우대사항 - 토스트캠 iOS 앱개발 - iOS 개발 경력 2년 이상 - 자료구조와 알고리즘에 대한 이해 - OOP...
https://kr.indeed.com/viewjob?jk=131b4b7dfa00cd83,게임프로그래머(클라이언트),성남 분당구,,"질에 대한 관심이 많으신 분 - C++ 언어에 익숙하신 분 우대사항 - UE4 개발 경험을 가지신 분 - iOS, AOS 개발 환경에 익숙하신 분 - 테스트 및 디버깅에 열정이 있으신 분 - C#에 대한 이해가 있으..."
https://kr.indeed.com/viewjob?jk=9b311b9255c91291,개발자를 위한 기술플랫폼 엔지니어 모집,성남 판교역,,"해가 있으신 분 우대 사항 플랫폼 설계/개발 역량이 탁월하신 분 웹 Front 혹은 모바일(Android, iOS) 개발 경험 있으신 분 다양한 API 설계/개발 역량이 탁월하신 분 소프트웨어 품질 관련 플랫폼 개발 경험..."
https://kr.indeed.com/viewjob?jk=11ab88acaba7e2d2,[외국계 IT기업] IOS 개발자,서울 강남구,,TrueHR [외국계 IT기업] IOS 개발자 채용 모집부문 및 자격요건 담당업무 자격요건 인원 [담당업무] 플랫폼 서비스 IOS 개발 [자격요건... 취소될 수 있습니다. 인터넷·IT·통신·모바일·게임>응용프로그래머> iOS
https://kr.indeed.com/viewjob?jk=8117aeb7ac1f5bd5,카카오 에디터 SDK 개발자 모집(iOS),성남 판교역,,"수 있는 분 업무내용 카카오 에디터 iOS SDK 전반적인 구조 개선 추가 기능의 요구사항 파악, 태스크 정의, 설계와 구현 동료 개발자들과의 동반성장을 위한 상호 코드리뷰 지원자격 iOS 앱 개발 경험 5년 이상..."
https://kr.indeed.com/viewjob?jk=ee167cd5b1c49e8e,2021년 경력 및 신입직원(~08/17),대한민국,,"관련 업무 경력 3년 이상(경력직) [모바일앱 개발] 가. 모집인원 : O명 나. 담당업무 - 모바일앱 개발( IOS, 안드로이드) 다. 자격요건 - 모바일앱 개발 경력 3년 이상(경력직) 라. 우대사항 - 스토어 출시 有경..."
https://kr.indeed.com/viewjob?jk=2c469f09aea384d8,[연봉 5000이상][200만 데이팅 앱] IOS 앱 개발자,서울 강남구,"연봉 50,000,000원 - 70,000,000원",(주)콜론디 [200만 데이팅 앱] IOS 개발자 채용 모집부문 및 자격요건... IOS앱 개발- 시장에 혁신을 가져다줄 신규 프로젝트 IOS앱 개발 참여 [자격 요건]- iOS 개발 경력 3년 이상- Swift를 이용한 iOS...
https://kr.indeed.com/viewjob?jk=7df915e1f0f86b2d,Software Architecture 설계 엔지니어,성남 분당구,"연봉 40,000,000원 - 100,000,000원",에서 Shell Script 사용 경험 - RESTful API 이해 및 사용 경험 - Android 또는 iOS App 개발 경험 - 분산 처리 시스템 개발 경험 - ONNX Format 분석 경험 및 이해 - Tensor...
https://kr.indeed.com/viewjob?jk=57a7d5587ef077e6,KakaoTV 동영상 서비스 모바일앱 IOS 개발자 모집,성남 판교역,,공통 동영상 플레이어 SDK를 개발합니다. 카카오 TV앱을 개발/유지 보수합니다. 지원자격 #지원조건 iOS 개발 경력 5년 이하 Swift 기반의 앱 개발 경험이 있으신 분 #우대조건 AVFoundation 사용경험...
https://kr.indeed.com/viewjob?jk=b511bb7560d6b52c,프론트엔드 웹개발자 양성과정 교육생,서울 중구,,인터넷·IT·통신·모바일·게임>응용프로그래머>가상현실(VR)|인터넷·IT·통신·모바일·게임>응용프로그래머> iOS|인터넷·IT·통신·모바일·게임>응용프로그래머>Android|인터넷·IT·통신·모바일·게임>통신·모바일>스마트폰...
https://kr.indeed.com/viewjob?jk=deeebf9a62b34ecf,[웹젠] 모바일 스토어 관리(신입/경력),성남 분당구,,"Apple, Facebook 등) 정책 관련 지식 보유자 - Android/ iOS 퍼미션, SDK 등 기본 지식 보유자 - 공인영어시험 점수 소지자... 관련 지식 보유자 - Android/ iOS 퍼미션, SDK 등 기본 지식..."
https://kr.indeed.com/viewjob?jk=02685953eff5d52f,Dooray! 서비스 모바일 개발,성남 판교역,,랍니다. * 전형일정은 서류 합격자에 한하여 개별 연락 드립니다. [ iOS 앱개발] Job Description 자격요건 우대사항 - 두레이 iOS/iPadOS앱 신규 개발 및 서비스 유지보수 - Objectice-C...
https://kr.indeed.com/viewjob?jk=d01e24f63866453c,글로벌 화장품 ODM 1위 기업 PRODUCT DESIGNER (UX) 포지션,성남 판교역,,"구축 혹은 고도화 유경험자 2. Lo-fi, Hi-fi 프로토타이핑 툴 활용 역량 3. Web, App ( ios,android) 제품 환경에 대한 높은 이해도 근무 형태: 정규직 급여: 5,500,000원 - 89..."
https://kr.indeed.com/viewjob?jk=8bd121eba8c915ac,"[(주)제제컴즈]iOS, 빅데이터/AI 개발자",성남 수정구,,인터넷·IT·통신·모바일·게임>응용프로그래머> iOS|인터넷·IT·통신·모바일·게임>응용프로그래머>인공지능(AI)|인터넷·IT·통신·모바일·게임>ERP·시스템분석·설계>빅데이터
https://kr.indeed.com/viewjob?jk=59cecfdbdbb06312,[nasmedia] 2021년 8월 nasmedia,서울 강남구,,웹프로그래머>웹개발|인터넷·IT·통신·모바일·게임>소프트웨어·하드웨어>소프트웨어|인터넷·IT·통신·모바일·게임>응용프로그래머> iOS|경영·인사·총무·사무>경영·기획·전략>전략기획|경영·인사·총무·사무>경영·기획·전략>사업기획
https://kr.indeed.com/viewjob?jk=bd10d176b4bcbd60,AR Engineer,성남 분당구,,지원자격 - Computer Graphics/Vision 이론 이해가 있으신 분 - Android NDK 또는 iOS C/C++ 응용 경험 및 이해가 있으신 분 - 논문을 읽고 이를 빠르고 정확하게 구현할 수 있는 능력을...
https://kr.indeed.com/viewjob?jk=ed125e5053e0f128,"안드로이드, ios 앱 제작/개발자",대한민국,"연봉 25,000,000원 - 30,000,000원","안드로이드, ios 앱 제작 또는 개발 경험이 있는 프리랜서분을 모집합니다.개발하고자 하는 앱은 매칭 중개 플랫폼 앱 입니다.(예: 법무통, 간판의... 로그래머>Android|인터넷·IT·통신·모바일·게임>응용프로그래머> iOS"
https://kr.indeed.com/viewjob?jk=d827f2bd0e2d30da,Solution팀 / iOS App 개발자,성남 삼평동,,년 설립(업력 25년) 사원 88명 코스닥상장 중소기업 상세보기 담당업무 담당업무 자격요건 인원 - 신규 iOS APP UI/UX 개발 및 기존 APP 개선 작업 [자격요건] - 학력 : 대학교(4년) - 경력 : 3~년...
https://kr.indeed.com/viewjob?jk=5158175feb7b77e8,"경력사원 상시채용(웹/모바일 개발, 인프라/보안)",서울 대치동,,"개발 능숙자(JAVA, JSP, Jquery, EJB, C언어, ASP.NET) -모바일(Android, IOS) 개발 경력자 -Spring&IBatis를 통한 DB 연계 개발 가능자 -전자정부 프레임워크 개발 환경 경험자..."
https://kr.indeed.com/viewjob?jk=0114834c82aec503,플랫폼 UI/UX 디자이너,성남 판교역,,"커뮤니케이션 할 수 있는 능력 - 적극적이고 긍정적인 마인드 - 디자인팀의 조직장 경험이 있는 분 - iOS, Android, 디자인 경험이 있는 분 - 디자인 시스템 구축/운영 경험이 있는 분 - HTML/CSS..."
https://kr.indeed.com/viewjob?jk=127835f3c085799c,각 부문 신입 및 경력 (디자이너/기획/개발),서울 성동구,,집부문 담당업무 자격요건 인원 iOS 모바일 앱 개발 [담당업무]ㆍ자사가 직접 개발 및 운영하고 있는 모바일 앱의 iOS부분 기능 구현 및 유지 관리... 통신·모바일·게임>응용프로그래머> iOS|인터넷·IT·통신·모바일·게임>웹기...
https://kr.indeed.com/viewjob?jk=f1a42ab333eb362e,"앱, 웹 소프트웨어(플랫폼) 개발자",용인 기흥구,"연봉 24,000,000원 - 36,000,000원",애인채용희망여부] 비희망 [병역특례] - 비희망 [기타 희망내용] 개발 및 전문 테스팅을 동시에 가능한 인력 우대 인터넷·IT·통신·모바일·게임>응용프로그래머>Android|인터넷·IT·통신·모바일·게임>응용프로그래머> iOS
https://kr.indeed.com/viewjob?jk=e222c2bf6d2dde1a,모바일 프로그래머 (안드로이드/IOS),서울 송파구,,"자체 서비스 안드로이드 또는 / IOS 개발 SI 네이티브 개발 회사... 초대졸 관련학과 졸업자 및 관련자격증 보유시 우대 - Android / ios 모두 개발경험이 있는 분 - 개발 리딩 경험이 있으신분(기술, 프로세스..."
https://kr.indeed.com/viewjob?jk=37d1535f2eb9bab2,B2C 모바일앱 iOS 개발 경력사원 모집,서울 재동,,iOS 개발 경력사원 모집 모집부문 및 자격요건 모집부문 담당업무 및 자격요건 B2C 모바일앱 iOS 개발 담당업무 -사업부내 B2C 모바일 앱 iOS 개발 및 운영 자격요건 - iOS 개발 경력 3년 이상이신 분...
https://kr.indeed.com/viewjob?jk=a4d0176a362a484f,스타트업 정규 개발직 신입사원,서울 강남구,"연봉 30,000,000원 - 35,000,000원",있으신 분 - Android 또는 iOS 개발 경험이 있으신 분 - 교육... 로그래머>Android|인터넷·IT·통신·모바일·게임>응용프로그래머> iOS|인터넷·IT·통신·모바일·게임>응용프로그래머>자바스크립트|인터넷·IT·통신...
https://kr.indeed.com/viewjob?jk=16a3dc3b34b2f9ce,IT 및 대인(소액)보상 신입 및 경력직,경기도,,JSP|인터넷·IT·통신·모바일·게임>웹프로그래머>Python|인터넷·IT·통신·모바일·게임>응용프로그래머> iOS|인터넷·IT·통신·모바일·게임>응용프로그래머>Android|인터넷·IT·통신·모바일·게임>응용프로그래머>자바스...
https://kr.indeed.com/viewjob?jk=e1bbdb86e010b75b,[Manta] 제품 기획자,서울,,"3년 이상 고객 관점의 고민과 데이터 분석을 바탕으로 제품 기획 및 개선을 실행 해보신 분 Android, iOS, 모바일 및 웹 환경에 대한 풍부하고 깊은 이해를 갖추신 분 디자인 및 개발 과정에 대한 이해가 있으며 디자이..."
https://kr.indeed.com/viewjob?jk=d80cb92b04bec5b8,국내 대기업 - iOS application 개발 경력자,서울,,Objective-C 를 이용한 iOS application 개발 경력... iOS application 개발 [자격요건]- 관련경력 4년~13년- Swift/Objective-C 를 이용한 iOS application 개발...
https://kr.indeed.com/viewjob?jk=e93cb65bc134bcf0,한국거래소시스템즈 App개발 경력직,서울특별시,,31 주요 업무 App 개발 사내 솔루션 App 개발 및 유지보수 - 안드로이드/ IOS 자격 요건 필수 안드로이드 또는 IOS App 개발 경력 3년 이상 우대 React Native Hybrid App 개발...
https://kr.indeed.com/viewjob?jk=f98415f3721ac113,스타트업 정규 개발직 경력사원,서울 강남구,"연봉 40,000,000원 - 50,000,000원",있으신 분 - Android 또는 iOS 개발 경험이 있으신 분 - 교육... 로그래머>Android|인터넷·IT·통신·모바일·게임>응용프로그래머> iOS|인터넷·IT·통신·모바일·게임>응용프로그래머>자바스크립트|인터넷·IT·통신...
https://kr.indeed.com/viewjob?jk=3eaf650c935712ef,[해외취업] 캘리포니아 최대 미디어 기업 IT Support position !,서울 역삼동,"연봉 34,000,000원 - 35,000,000원",duties/projects as assigned 3. Develop mobile applications on iOS and Android platforms 그 외 자격요건 -Experience with HTML/CSS...
https://kr.indeed.com/viewjob?jk=d4b137f7b1685c53,[버티컬서비스] iOS 개발자(정규직),대한민국,,관련된 버티컬 모바일 커뮤니티 커머스 iOS 서비스 개발 - 애자일 환경의... 요역량] - 학력/전공 무관 - iOS 앱 개발 3년 이상 - Swift/RxSwift/RxFlow 이용한 iOS 개발 가능하신 분 - RESTful...
https://kr.indeed.com/viewjob?jk=44ebb2a319da1185,[(주)증권통] 2021 하반기 개발/기획,서울 마포구,,서비스기획·운영|인터넷·IT·통신·모바일·게임>웹디자인>모바일UI|인터넷·IT·통신·모바일·게임>웹디자인>웹UI|인터넷·IT·통신·모바일·게임>응용프로그래머> iOS|인터넷·IT·통신·모바일·게임>응용프로그래머>Android
https://kr.indeed.com/viewjob?jk=7b2b8d9b3a4c45a9,플랫폼 기술 지원 담당자,성남 분당구,,"게임 업계 개발 업무 경력 3년 이상 - Unreal 개발 경험이 있으신 분 - Native(aos, ios)대한 이해가 있으신 분 - 모바일 & PC 게임 플랫폼에 대한 경험 및 전반적인 이해가 있으신 분 - 개발..."
https://kr.indeed.com/viewjob?jk=c4f93b6f2c745ad4,UI&UX 디자이너 / iOS 개발자분,서울 대치동,,"위 조건에 모두 부합하지 않더라도 이곳이 내가 찾던 팀이라고 느껴지시는 분, 그리고 UI&UX 디자인 / iOS 개발에 자신있으신 분은 부담없이 연락주세요. 스타트업에서 가장 중요한 팀 빌딩, 그 한분을 찾는데에 RK..."
https://kr.indeed.com/viewjob?jk=a328a03f2a91a2da,[청년디지털일자리] IOS 개발 정규직 모집,서울 양재동,,"근무조건 정규직 급여 면접후 결정 주 5일 | 직접입력 서울 강남구 지하철 신분당선 양재시민의숲(매헌)역 지원자격 신입, 경력 무관, 경력무관 학력무관 기업정보 2019년 설립(업력 3년) 사원 16명 비상장 스타트..."
https://kr.indeed.com/viewjob?jk=1aecef77664ab522,"브레인테크-전자기기,의료기기 R&D 연구원(회로,펌웨어,앱,기구,)",수원 장안구,"연봉 30,000,000원 - 40,000,000원","개발 => 1명 / Android, iOS 3.의료기기(체외진단기) 국내영... 6.PCB Artwork 가능한자 7.App개발 경력자/ Android, iOS [기타 우대내용] 1.실무 가능한 퇴직자 우대함 (장년우대)2.기구개..."
https://kr.indeed.com/viewjob?jk=615f87c2d22014f1,11번가 로그 입수 클라이언트 개발자,서울 강남구,,"드로이드, iOS SDK 개발 및 운영업무를 수행하게 됩니다.또한 데이터 엔지니어로써 업무를 수행하게 됩니다. 이에 커리어 전환을 희망하는 개발자분을 모시고자 합니다.안드로이드(Java, Kotlin), iOS (Object..."
https://kr.indeed.com/viewjob?jk=a868db0adcb29214,엔진프로그래머 (경력),성남 분당구,,"코드 분석 및 디버깅 능력 - 원활한 의사소통 능력 우대사항 - 높은 문제 해결 능력 - 안드로이드, iOS 네이티브 개발 경력 - UE4 프로젝트 패치 시스템 구축 경력 기타사항 - 업계 최고 수준의 연봉과 보상..."
https://kr.indeed.com/viewjob?jk=8cf964ed3f640d2e,모바일개발자 모집(Android/iOS/Flutter),성남 시흥동,,Flutter사용경험 및 서비스출시 경험자 - 다양한 형태의 서비스 개발 및 운영 경험이 있으신 분 - iOS 및 Android 앱 런칭 경험이 있으신 분 - 새로운 것에 대한 도전을 좋아하고 즐기시는 분 0명 근무...
https://kr.indeed.com/viewjob?jk=91decdcadabe479d,"iOS 앱, iOS개발 경력 정규직",서울,"연봉 40,000,000원 - 50,000,000원",홈페이지 바로가기 페이스북 바로가기 인터넷·IT·통신·모바일·게임>응용프로그래머> iOS
https://kr.indeed.com/viewjob?jk=4f6bbc405e84ebd2,게임 플랫폼 개발,성남 판교역,,"로이드 아키텍처 이해도가 높거나 라이브러리 제작 경험이 많은 분 - 게임관련 플랫폼 경험이 있으신 분 - iOS 플랫폼 가능하신 분 - 업무에 대한 책임감과 열정을 가지고 있고, 자기 계발에 대해 끊임없는 노력을 하시는..."
https://kr.indeed.com/viewjob?jk=79f3613f0510e2e5,Mobile Application Lead,경기도 성남,,"both iOS and android. • Coach and guide software engineers of iOS... Android... understanding of iOS frameworks, like..."
https://kr.indeed.com/viewjob?jk=1d3e2efc801e62cc,NHN Cloud SDK/Windows App 개발,성남 판교역,,"자격요건 우대사항 - 모바일 보안 SDK, 엔진 개발 (Android, iOS, Unity) - NHN Cloud 모바일 SDK 및 APP 개발... Unity 개발 경력 1년 이상 - iOS (Objective-C..."
https://kr.indeed.com/viewjob?jk=4a03dd53edff9680,Android / iOS 앱 개발자님(병행아님),성남 분당구,,이상 -unbox의 Android/ iOS 앱 개발 모든 것을 이끌어 나갑니... 그런 팀원 찾고 있습니다. [주요업무] -unbox의 Android/ iOS 앱 개발 모든 것을 이끌어 나갑니다. (자신있는 분야만 지원해주세요...
https://kr.indeed.com/viewjob?jk=cd37c435c7818fde,iOS Multimedia Software Developer,서울,,"Swift Knowledge and Experience with IOS native framework Prefer to have... apps on Android, iOS, Smart TVs, STBs..."
https://kr.indeed.com/viewjob?jk=d585814d097935eb,카카오톡 보이스톡/페이스톡/라이브톡 개발자 모집,성남 판교역,,"브톡 등을 위한 클라이언트 SDK ( iOS, Android, Windows... 지속적인 구조 개선 경험 ✓ 웹 Front , 모바일(Android, iOS) PC(Windows,Mac) 개발 경험 필독사항 ※ 카카오 테크..."
https://kr.indeed.com/viewjob?jk=57a546aba8188299,iOS 개발자,서울 강남구,,수 있습니다. iOS 플랫폼 제품 개발 스포카 내 여러 서비스의 iOS 플랫폼 제품을 개발합니다. 스포카는 현재 신규 프로젝트로 iOS 플랫폼... 요건 3년 이상의 iOS 개발 경력이 있으신 분 iOS 플랫폼에 대해 깊은...
https://kr.indeed.com/viewjob?jk=bcb66193e91fee96,여행 좋아하는 주니어 개발자,서울 강남구,,"트립미 라이브) 모바일앱 개발( iOS) [어떤 사람을 찾고 있나요... 전공자’를 우대하나 전공보단 실력과 열정이 중요하다고 생각합니다. · iOS 네이티브(xcode, swift) 앱 개발 경험자(서비스경험이 있으면 더..."
https://kr.indeed.com/viewjob?jk=77a16cc4eb0f3c7e,"android, ios 개발/운영 경력사원",서울 구로구,,"위쉬정보기술(주) android, ios 개발/운영 경력사원 모집 모집부문... 이상 - ios 운영 인터넷·IT·통신·모바일·게임>응용프로그래머>Android|인터넷·IT·통신·모바일·게임>응용프로그래머> iOS|인터넷·IT·통신..."
https://kr.indeed.com/viewjob?jk=7eb3ce053d4cb59a,카카오톡/계정/메일 서버 개발자 모집 공고,성남 판교역,,"서비스 운영 경험 ✓ 테스트 구축, 지속적인 구조 개선 경험 ✓ 웹 Front 혹은 모바일(Android, iOS) 개발 경험 필독사항 ※ 카카오 테크 직군의 경우, 개발 경력 1년 미만일 시 추가 역량 검증을 위해..."
https://kr.indeed.com/viewjob?jk=5a375913ddb3e4c3,웹 개발 / 웹 디자인,용인 수지구,"월급 1,822,480원","직무내용] 웹개발(php, python, html/css, AI)앱개발(안드로이드앱, IOS 앱 개발)디자인마케팅 [근무시간 및 형태] 주 5일 근무 (오전) 9시 00분~(오후) 6시 00분 주소정근로시간 : 40시간..."
https://kr.indeed.com/viewjob?jk=a9cdc775704ea238,코어 시스템 DevOps 엔지니어,성남 분당구,,"분 - 스크립트 언어(Powershell, Python 등) 사용 경험이 있으신 분 - Android와 iOS등 모바일 플랫폼 빌드 및 배포 파이프라인에 대한 이해와 경험이 있으신 분 - 논리적이고 체계적인 문제해결..."
https://kr.indeed.com/viewjob?jk=1a0c24cc659332a1,Musketeer (Seoul) with Distribution Partner,서울,,skills... ability to negotiate. Basic working knowledge of IOS and MS Office Undergraduate English preferred Travel up...
https://kr.indeed.com/viewjob?jk=7d2418be73b29c09,[위메프서비스] iOS 개발자(정규직),대한민국,,[담당업무] - 위메프 iOS 앱 개발 및 서비스/운영 [자격사항] - iOS 앱 개발 3년 경력 이상 - Swift기반으로 UIKit 등 iOS플랫폼에 이해가 높은 분 - RxSwift에 대한 이해가 있는 분 [우대사항...
https://kr.indeed.com/viewjob?jk=1193607ebc674b47,(주)나투 iOS 개발부문,서울 강남구,,ㅇ우대사항 - 전공계열 : 컴퓨터공학 인터넷·IT·통신·모바일·게임>통신·모바일>스마트폰 어플리케이션(App)|인터넷·IT·통신·모바일·게임>응용프로그래머>인공지능(AI)
https://kr.indeed.com/viewjob?jk=199eb494c812435a,모바일 게임 보안 솔루션 개발,성남 분당구,,"리즘에 대한 풍부한 지식을 보유하신 분 - Linux, Android, iOS등 OS의 동작원리에 대한 지식을 보유하신 분 - Android, iOS 앱 개발 경험이 있으신 분 우대사항 - 모바일 게임 보안 솔루션 개발..."
https://kr.indeed.com/viewjob?jk=77f6064faf9c4924,"Software Engineer, Client iOS",서울,,ìž„ ì„¼ë“œë²„ë“œ iOS SDK í•µì‹¬ ì»´í�¬ë... ë ¨ë�„ iOS ë°� ì†Œí”„íŠ¸ì›¨ì–´ ë””ìž�ì�¸ íŒ¨í„´ì—� ëŒ€í•œ ì²´ê³„ì � ì§€ì‹� iOS í”„ë...
https://kr.indeed.com/viewjob?jk=476c44ee4923655b,(주)민트팟 SI 개발팀 iOS 개발자 경력 3년 이상,서울 서초구,,인터넷·IT·통신·모바일·게임>응용프로그래머> iOS
https://kr.indeed.com/viewjob?jk=7225d4ed22aeedc5,iOS App 개발자,성남 삼평동,,년 설립(업력 25년) 사원 88명 코스닥상장 중소기업 상세보기 담당업무 담당업무 자격요건 인원 - 신규 iOS APP UI/UX 개발 및 기존 APP 개선 작업 [자격요건] - 학력 : 무관 - 경력 : 3~년 - 성별...
https://kr.indeed.com/viewjob?jk=217f05d2e48e9c7c,[전액무료·수당지원] 각 분야별 국비지원 교육생,서울 관악구,,인터넷·IT·통신·모바일·게임>응용프로그래머>인공지능(AI)|인터넷·IT·통신·모바일·게임>응용프로그래머> iOS|인터넷·IT·통신·모바일·게임>데이터베이스·DBA>SQL|인터넷·IT·통신·모바일·게임>네트워크·서버·보안>사물...
https://kr.indeed.com/viewjob?jk=f55a133e6f1af4d2,솔루션 기술지원 엔지니어 신입/경력사원 모집,서울 몽촌토성역,,"API에 대한 기본 지식 보유자 [우대사항] – 서버 운영 또는 엔지니어 실무 경험자 – 안드로이드, iOS 모바일 기본 지식 보유자 – 프리젠테이션, 보고서 문서작성 능력 보유자 – 외국어 가능자 (영어, 일어, 중국어..."
https://kr.indeed.com/viewjob?jk=6f9af6fb61167602,디지털콘텐츠 IT개발 경력사원,서울 서초구,,"이너 기반 기술(Docker, Kubernetes 등)을 이용하여 배포/운영 경험- (우대) Android/ iOS 앱 개발 및 배포 경험- (우대) 대용량 DBMS 운영 경험▣ 업무내용- 디지털 콘텐츠(교육, 출판 등) 서비..."
https://kr.indeed.com/viewjob?jk=aacba14e5ce21e25,동영상 그리드 플랫폼 개발자 모집,성남 판교역,,"최소 자격] C/C++ 프로그래밍 중급 이상 네트워크 프로그래밍 경험이 있는 분 [우대 사항] MacOS/ iOS, Android 개발 경험이 있는 분 대용량 트래픽 서비스를 위한 시스템 설계 혹은 운영 경험이 있는 분..."
https://kr.indeed.com/viewjob?jk=15eb6df69a5802f5,[글로벌 스타트업] Junior Software Engineer(iOS),서울 강남구,,[모집분야] Junior Software Engineer( iOS) [담당업무] - iOS SDK 핵심 컴포넌트 설계 및 구현 - 가벼우면서 높은 성능을... 자기소개서(경력기술서) 인터넷·IT·통신·모바일·게임>응용프로그래머> iOS
https://kr.indeed.com/viewjob?jk=da7f060780d6ad73,(주)캔디미디어 앱 유지보수 / 개발 파트 직원,성남 분당구,,"<자격요건> ▷ Android 또는 iOS 프로덕션 개발 경험 1년 이상 혹은 그에 준하는 지식/경험. ▷ 모바일 개발 환경 프로덕션 경험 1년 이상 혹은 그에 준하는 지식/경험. ▷ 다른 생각, 다양한 관점을 이해할 수 있으..."
https://kr.indeed.com/viewjob?jk=74796db43de22120,홈플랫폼(Homin) 개발자,서울,,"자격증에 따른 우대 가능 직무명 : IOS APP개발 직무상세 Homin... 공하는 플랫폼입니다. 이 플랫폼의 IOS App에 대한 운영/개발을 위해 Backend API 연동과 IOS 관련 기술, 솔루션들을 활용해 Homin..."
https://kr.indeed.com/viewjob?jk=bdf98e73d1520706,iOS Engineer,서울 영등포구,,"여합니다. iOS 팀 내 기술 토론에서 의견을 발의하고, Best Practice가 무엇인지 함께 찾아갑니다. 최고의 서비스를 만들기 위해, 다양한 실험을 반복하여 빠르게 제품을 발전시킵니다. 자격 요건 iOS 기반의..."
https://kr.indeed.com/viewjob?jk=8bde26c415e469ad,게으른 개발자님,서울 삼성동,,"Apache, MySQL, PHP, Javascript, HTML, CSS, iOS/Android 까지 만능이면 가장 좋겠지만 그런 분은 희망연봉이... Javascript, HTML, CSS, iOS/Android 까지 만능이..."
https://kr.indeed.com/viewjob?jk=31c8ae4a133b5147,SW(모바일앱 및 웹개발) 신입/경력 정규직 개발자,서울 강남구,,"부문 및 자격요건 담당업무 자격요건 인원 [담당업무] 모바일 Native( iOS,Android) App 개발 웹 시스템 개발 [근무부서 및 직급/직책... 통신·모바일·게임>응용프로그래머> iOS|인터넷·IT·통신·모바일·게임>응용..."
https://kr.indeed.com/viewjob?jk=af8cadb1d4b8e311,[픽셀로]앱개발자,성남 시흥동,,웹 개발자(웹 엔지니어·웹 프로그래머) 직무내용 1. 내눈앱 빌드업 : 안드로이드 프론드 앤드앱개발 : ios 유지보수 2. 신규앱 개발 : 안드로이드 기반의 신규앱 개발 3. 기획 참여 접수마감일 채용시까지 고용형태...
https://kr.indeed.com/viewjob?jk=7538ee39e962defd,2021년 정규직 개발자,서울 종로구,,모집 모집부문 및 자격요건 담당업무 자격요건 인원 [담당업무] < ios> 1. iOS 모바일 애플리케이션 개발 2. 모바일 페이먼트 애플리케이 션... 통신·모바일·게임>응용프로그래머> iOS|인터넷·IT·통신·모바일·게임>소프...
https://kr.indeed.com/viewjob?jk=97e7cdac4a9c1b58,"iOS, Android 외 신입/경력 정규직",서울 마포구,,및 제출서류에 허위사실이 있을 경우 채용이 취소될 수 있습니다. 인터넷·IT·통신·모바일·게임>응용프로그래머> iOS|인터넷·IT·통신·모바일·게임>응용프로그래머>Android|인터넷·IT·통신·모바일·게임>응용프로그래머>머신...
https://kr.indeed.com/viewjob?jk=4564fa699439d383,[SNOW] 카메라서비스 iOS 개발자,서울,,"카메라, 미디어 제작, 편집 관련 iOS 클라이언트 앱 개발 지원자격 - 최소 2년 이상의 iOS App 개발 경험자 필요역량 - Swift 개발 가능, Objective C 리딩 가능 - iOS 앱 개발 2년 이상..."
https://kr.indeed.com/viewjob?jk=010ff58863128e94,"함께 걸어갈 신입, 주니어, 시니어 개발자",서울 금천구,"연봉 36,000,000원 - 48,000,000원",월)~내년 초(2월)를 목표로 하고 있습니다. 인터넷·IT·통신·모바일·게임>전산·IT기술지원>S/W 엔지니어|인터넷·IT·통신·모바일·게임>응용프로그래머> iOS|인터넷·IT·통신·모바일·게임>응용프로그래머>Android
https://kr.indeed.com/viewjob?jk=b4fdcefa865d9997,인증서비스 사업기획/운영,성남 판교역,,"및 적의 조치 - PKI 및 암호기술에 대해 이해하고, 표준화 작업이 가능한 분 - 안드로이드 및 iOS 보안 아키텍처에 대해 이해하고 계신 분 - 프로젝트 PL 및 운영관리가 가능하신 분 - 전자서명법..."
https://kr.indeed.com/viewjob?jk=6d7de969619b0d79,클라이언트 개발자 (신입/경력),서울 강남구,,"objective-C, java 를 이용하여 iOS/안드로이드 앱 개발 - 웹 개발 : pixi.js 를 이용하여 웹서비스 영역 개발, Unity 를 이용한 새로운 컨텐츠 개발 [자격요건]- iOS or Android 모바일..."
https://kr.indeed.com/viewjob?jk=e4e93e50c1a4ce16,(주)효돌 앱/웹/시각디자이너,서울 서초구,,"1. 안드로이드 앱 디자인 가이드라인 경력 필수 ( iOS 디자인 가이드 경력/ 프로토타입툴 사용 가능자 우대) 2. ADOBE (포토샵,일러스트레이터,인디자인 등) 사용가능한 편집디자인 가능자 3. 프로토타입툴 (Adobe..."
https://kr.indeed.com/viewjob?jk=aae33fce04abd711,개발자 경력직 (웹 및 어플리케이션 개발),서울 강남구,"연봉 40,000,000원 - 50,000,000원",인터넷·IT·통신·모바일·게임>응용프로그래머>Android|인터넷·IT·통신·모바일·게임>응용프로그래머> iOS|인터넷·IT·통신·모바일·게임>응용프로그래머>JAVA
https://kr.indeed.com/viewjob?jk=73167ecb0e5db762,비즈플랫폼개발팀 클라이언트 개발자 모집,성남 판교역,,"야는 다음과 같습니다 카카오톡 채널( iOS, Android) 업무내용... 챕봇 관련된 UX/UI 기능을 개발합니다. 지원자격 [ iOS/Android] iOS/Android 3년 이상 개발 동향에 관심이 많은 분..."
https://kr.indeed.com/viewjob?jk=8b49279c6ea65cbf,민트팟 iOS 개발자 경력,서울 서초구,,"립하여, 가격 경쟁력 있는 외주 프로젝트를 진행하며 폭발적으로 성장하고 있습니다. 이런 분을 찾습니다! - IOS 개발이 가능한 분 - 크로스 플랫폼 개발 경험이 있는 분 - Android 개발 경험이 있는 분 - 4차..."
https://kr.indeed.com/viewjob?jk=e5184d6454a072d6,즐겁고 신나게 멋진 서비스 만들어갈 개발자,성남 분당구,,"우대 클라우드 기반 프로젝트 경험자 우대 원활한 커뮤니케이션 보유자 2) 앱개발자 - 담당업무 : IOS, 안드로이드 개발 - 학력무관 - 자격요건 경력: 경력3년 앱마켓 등록경험자 우대 상용앱 출시 경험자..."
https://kr.indeed.com/viewjob?jk=8185cdeffc086384,모바일 iOS / Android 개발자,경상북도 구미,,"[근무조건] ㆍ근무형태:정규직(수습기간)-3개월, 계약직(정규직 전환가능)-1년 ㆍ근무일시:주 5일(월~금) 오전 9시~오후 6시 ㆍ급여:면접후 결정 ㆍ근무지역:(730-853) 경북 구미시 산동면 해마루공원로 144 [복리후..."
https://kr.indeed.com/viewjob?jk=41249ef16b205345,"웹개발, HTML·DHTML·mHTML 외 신입/경력 정규직, 계약직",서울 서초구,,영상 플랫폼 (우대)ㆍApp 개발 (AndroidOS or iOS) > Android 혹은 iOS 개발 경험 (Java / Kotlin / Swift... 통신·모바일·게임>응용프로그래머> iOS|인터넷·IT·통신·모바일·게임>응용...
https://kr.indeed.com/viewjob?jk=3f8eb1de24add612,디지털 플랫폼 개발 경력사원,서울 영등포구,,"경험(개발 프로젝트 기획부터 릴리스까지) - App 구축에 필수적인 JAVA, .Net, Android, iOS, Database 기술 이해 - WBS 기반의 프로젝트 일정 관리 및 주요 리스크 대응방안 수립 및 문제 해결..."
https://kr.indeed.com/viewjob?jk=2901e5c2da0aad17,iOS 경력 정규직,서울 종로구,"연봉 21,870,000원 - 25,000,000원",인터넷·IT·통신·모바일·게임>응용프로그래머> iOS
https://kr.indeed.com/viewjob?jk=81e0c859fcbbb23c,[] 클라이언트 프로그래머,서울 마포구,,인터넷·IT·통신·모바일·게임>응용프로그래머>Android|인터넷·IT·통신·모바일·게임>응용프로그래머> iOS|인터넷·IT·통신·모바일·게임>응용프로그래머>Windows|인터넷·IT·통신·모바일·게임>응용프로그래머>JAVA...
https://kr.indeed.com/viewjob?jk=9e416a411ec310b5,"Training Specialist, iTero",서울 강남구,,"areas of IOS, iTero, IOC, Orthocad... education materials related with IOS, Itero, IOC and Orthocad. Investigation..."
https://kr.indeed.com/viewjob?jk=6118ad0bda554908,오픈소스 관리 서비스(Olive Platform) 개발자 모집,성남 판교역,,"framework 중 하나 이상을 실무에서 사용한 경험이 있는 분 오픈소스에 관심이 많은 분 모바일(Andriod, iOS), unity 개발 경험 잘 알려진 오픈 소스 프로젝트에 강력한(!) 커밋 경험 공개 SW 라이선스..."
https://kr.indeed.com/viewjob?jk=2c9fe624de32690e,"[청년디지털사업] 백엔드, 프론트엔드 외 신입 정규직",서울 마포구,"월급 1,822,480원","ECMA Script 최신 버전의 이해앱 기술 일반 : Android, iOS 앱 개발의 기본 기술 이해백앤드 기술 일반 : REST API 기술 및... 통신·모바일·게임>응용프로그래머> iOS|인터넷·IT·통신·모바일·게임>응용..."
https://kr.indeed.com/viewjob?jk=d31ab9cefeeef71b,[최고인기과정] 게임 각 분야 국비지원 교육 참여자,서울 종로구,,APP|인터넷·IT·통신·모바일·게임>응용프로그래머>Android|인터넷·IT·통신·모바일·게임>응용프로그래머> iOS|인터넷·IT·통신·모바일·게임>응용프로그래머>가상현실(VR)|인터넷·IT·통신·모바일·게임>응용프로그래머...
https://kr.indeed.com/viewjob?jk=4b851e6c88f28d72,iOS 개발,성남 야탑역+2 지역,,채용제목 iOS 개발 (지원마감) 회사소개 국내 솔루션사 업무내용/자격요건 담당직무 WebView 기반 Hybrid 앱 개발 [자격요건] - iOS... 경력상세 포함) 자격요건 - iOS App개발 및 운영 경험 4~12년...
https://kr.indeed.com/viewjob?jk=9e3d604b246d8243,워라밸이 중요한 사용자행동분석솔루션SDK 개발자,서울 중구,"연봉 42,000,000원 - 60,000,000원",바일·게임>통신·모바일>스마트폰 어플리케이션(App)|인터넷·IT·통신·모바일·게임>ERP·시스템분석·설계>AWS|인터넷·IT·통신·모바일·게임>응용프로그래머>Android|인터넷·IT·통신·모바일·게임>응용프로그래머> iOS
https://kr.indeed.com/viewjob?jk=dee200306f3281e5,(주) 랭킹피쉬 앱/웹 개발자,서울 성동구,"연봉 24,000,000원 - 40,000,000원",포함) - 면접 후 결정 가능 [자격면허] - 정보통신기술사 [장애인채용희망여부] 비희망 [병역특례] - 비희망 인터넷·IT·통신·모바일·게임>응용프로그래머>Android|인터넷·IT·통신·모바일·게임>응용프로그래머> iOS
https://kr.indeed.com/viewjob?jk=d7e07b4fe57d80b2,[게임 데이터 플랫폼] UX/UI 디자이너,서울 강남구,,"플랫폼] UX/UI 디자이너 모집부문 및 자격요건 담당업무 자격요건 인원 [담당업무]• 자사 서비스 모바일앱 iOS. Android, 웹 서비스 디자인 및 기획• 신규 서비스 앱/웹 UX/UI 방향성 설계 및 디자인• 유저의..."
https://kr.indeed.com/viewjob?jk=46e58d6235307946,[위메프오] iOS 개발자(정규직),대한민국,,"iOS앱 내의 배달/픽업 서비스, 할인티켓 서비스, 내 주변(GPS) 서비스 등 신규기능 개발 및 관리 - 위메프오 파트너스/주문접수 iOS 앱 개발 및 관리 [자격사항] - iOS APP 개발 5년 이상 - Swift..."
https://kr.indeed.com/viewjob?jk=99ef401293cdc95c,"웹개발, JAVA, ANDROID, IOS, NEXACRO, Websquare등 정규직",서울 마포구,,"ANDROID, IOS, NEXACRO, Websquare등 정규직 채용 합니다. 모집부문 및 자격요건 담당업무 자격요건 인원 [담당업무]개발업무[근무부서 및 직급/직책]근무부서: 개발팀 모바일 : ANDROID, IOS..."
https://kr.indeed.com/viewjob?jk=42f55c10296b6094,디자이너 경력직,서울 송파구,,"웹 퍼블리싱 가능자 - html/css에 대한 기본적인 지식을 가지신 분 - Sketch를 통한 App / Web UI 디자인 Skill - IOS, Android 디바이스에 대한 이해가 깊으신 분 - 협업 툴 사용 가능자"
https://kr.indeed.com/viewjob?jk=214c1d52e30754f1,[킹스레이드] 클라이언트 개발자 (프레임워크/툴),서울 강남구,,게임 프레임워크 개선 및 최적화 - SDK 관리 - Android / iOS 플랫폼 관련 대응&nbs 인터넷·IT·통신·모바일·게임>게임(Game... 응용프로그래머>C#|인터넷·IT·통신·모바일·게임>응용프로그래머> iOS
https://kr.indeed.com/viewjob?jk=c4d5b58698d6008f,국내 대기업 - Android 및 iOS application 개발 경력자(각각),서울,,자격요건 인원 [담당업무]- Android application 개발- iOS application 개발 [자격요건]- 관련경력 5년~13년- 대규모... 로그래머>Android|인터넷·IT·통신·모바일·게임>응용프로그래머> iOS
https://kr.indeed.com/viewjob?jk=90d65649471f485c,Android Software Engineer,성남 분당구,,"에 익숙하신 분 - 영어로 작성된 개발문서, 레퍼런스 등을 어려움 없이 읽을 수 있으신 분 우대사항 - iOS용 게임 개발 경험이 있으신 분 - 다양한 언어 사용 경험이 있으신 분 - 반응형 프로그래밍에 대한 이해가..."
https://kr.indeed.com/viewjob?jk=19b93db9fb547677,시크릿차트와 함께할 개발자,서울 강남구,,있습니다. 어느 때보다 중요한 현 시점에서 당신이 꼭 필요합니다. Ios / Android / java / php / jQuery / MySQL... 기업 가치 평가를 받고 있습니다. Ios / Android / java...
https://kr.indeed.com/viewjob?jk=28cb699ec609130e,[인공지능기업] 머신러닝 병역특례 전문연구요원,서울,,[자격요건] - 안드로이드 또는 iOS 개발경력 3년 이상 - 웹뷰-네이티브 연동을 통한 하이브리드 기술 개발 경험 - 안드로이드/ iOS 동시 개발 가능자... 담당업무자격요건인원 [안드로이드/ iOS 모바일 개발자]- 인공지능영어회화...
https://kr.indeed.com/viewjob?jk=47209d0b3b717673,꿈꾸는 개발자 데뷔코스 싹(SSAC) 3기 교육생,서울 영등포구,,클라우드|인터넷·IT·통신·모바일·게임>응용프로그래머>Android|인터넷·IT·통신·모바일·게임>응용프로그래머> iOS|인터넷·IT·통신·모바일·게임>응용프로그래머>가상현실(VR)|인터넷·IT·통신·모바일·게임>응용프로그래머...
https://kr.indeed.com/viewjob?jk=891ce182dbdd9f4f,Flutter 앱 개발자 경력직,서울 강남구,,업무]Flutter를 활용한 앱 프론트 개발Flutter 기반 Android / iOS Native Plugin 개발[근무부서 및 직급/직책]근무부서... 로그래머>Android|인터넷·IT·통신·모바일·게임>응용프로그래머> iOS
https://kr.indeed.com/viewjob?jk=5e1d809a74e9dfdc,소프트웨어 개발자,성남 분당구,,"어서 활기차고 유연한 분위기가 형성되어 있습니다~ 주요 업무 • Cross Platform (Android, iOS, Window) 로컬 무선 통신 기능 구현 • Mesh Network 알고리즘 최적화 • 네트워크 보안 모듈..."
https://kr.indeed.com/viewjob?jk=e60b9a2bf053e4f1,웹개발 경력 정규직,서울 송파구,,품에 대한 SW QA 경험 - API / Web / App 기반 테스트 자동화 경험 - Android / iOS 등 OS 특성을 잘 이해하고 계신 분 - 논리적인 커뮤니케이션이 뛰어나신 분 - 이상현상 (anomaly...
https://kr.indeed.com/viewjob?jk=10e417878956fd61,국내 온라인 신선식품 서비스 (디지털 프로덕트) 기획자,서울 강남구,,"Korea [자격요건] - 개발, 디자인, 마케팅, 사업개발팀 등과 커뮤니케이션이 원활한 분 - Android/ iOS UI/UX에 대한 기초적인 이해가 있으신 분 - UX 개선 과제 발굴 및 A/B 테스트 등을 통해 가설..."
https://kr.indeed.com/viewjob?jk=0bd27ef67167b4b2,쓰담 iOS Developer,서울 서초구,,제공 (무료 커피 & 맥주!) [주요업무] - 쓰담 iOS 클라이언트 개발 및 유지보수 - 쓰담 iOS 클라이언트 설계 및 기획 참여 - 사용자 편의... iOS 개발 경력 3년 이상 - Swift 개발에 능숙하신 분 - iOS...
https://kr.indeed.com/viewjob?jk=cf92df89a67bc0b5,온라인 기술지원 엔지니어 신입/경력사원 모집,서울 몽촌토성역,,"수사항... 기반의 전반적인 지식 및 이해 가능 – PC(Windows/Mac), 모바일(Android/ iOS) 기본활용능력 우수자 – 컴퓨터활용능력 우수자 – 적극적인 사고와 책임감을 지닌 자 – 긍정적 마인드의 원활..."
https://kr.indeed.com/viewjob?jk=63d19b43d3b272ca,웹/앱 개발자 신입/경력 정규직,서울 용산구,"연봉 30,000,000원 - 35,000,000원",공하는 업체입니다. 인터넷·IT·통신·모바일·게임>웹프로그래머>웹개발|인터넷·IT·통신·모바일·게임>응용프로그래머> iOS|인터넷·IT·통신·모바일·게임>응용프로그래머>Android|인터넷·IT·통신·모바일·게임>응용프로그래머...
https://kr.indeed.com/viewjob?jk=41aff2d2dbc45cc7,신한 SOL 오로라 리뉴얼 프로젝트 고급 프리랜서,서울 강남구,,제출서류에 허위사실이 있을 경우 채용이 취소될 수 있습니다. 인터넷·IT·통신·모바일·게임>응용프로그래머>Android|인터넷·IT·통신·모바일·게임>응용프로그래머> iOS|인터넷·IT·통신·모바일·게임>응용프로그래머>JAVA
https://kr.indeed.com/viewjob?jk=0fd8b160de797163,[신입/경력] 안드로이드 앱 개발자,서울 성동구,,포함) - 면접 후 결정 가능 우대조건 : 고용촉진장려금대상자 [장애인채용희망여부] 비희망 [병역특례] - 비희망 인터넷·IT·통신·모바일·게임>응용프로그래머>Android|인터넷·IT·통신·모바일·게임>응용프로그래머> iOS
https://kr.indeed.com/viewjob?jk=e16d13054d1a9bc9,iOS App 개발 경력자 채용,성남 삼평동,,년 설립(업력 25년) 사원 88명 코스닥상장 중소기업 상세보기 담당업무 담당업무 자격요건 인원 - 신규 iOS APP UI/UX 개발 및 기존 APP 개선 작업 [자격요건] - 학력 : 무관 - 경력 : 경력년수 무관...
https://kr.indeed.com/viewjob?jk=c66c87a05e4142c3,[이너프미디어]책임감 있는 Unity 개발 전문가,성남 분당구,,"Unity 개발 AR관련 3D 개념을 이해하시는분 Interactive 콘텐츠 개발 App(Android, iOS) 개발 접수마감일 2021년 08월 31일 마감시간 : 12시 (D-15) 고용형태 기간의 정함이 없는 근로계..."
https://kr.indeed.com/viewjob?jk=702d63f14465cc91,아이나비 블랙박스 APP 개발 담당 경력 모집,성남 삼평동,,업무 - Android OS 혹은 IOS 모바일 앱 개발 자격요건 - 학력... 과장급) - 차분한 개발 업무 태도의 소유자 - Android 혹은 IOS 모바일 기기용 SW개발 경력자 - Google Play Store...
https://kr.indeed.com/viewjob?jk=589f9491a4d45485,[SNOW] 렌더링 엔진 개발자,서울,,개발 경력 1년 이상 - C++ 개발 경력 2년 이상 - Android NDK 또는 iOS C/C++ 응용 경험 및 이해 - Android 또는 iOS 개발 경험 - 코드 리뷰에 긍정적이고 원활한 커뮤니케이션 능력을 갖춘 분...
https://kr.indeed.com/viewjob?jk=427f0368538d64a9,웹/모바일 개발 부문 경력사원 상시,서울,,인터넷·IT·통신·모바일·게임>응용프로그래머>JAVA|인터넷·IT·통신·모바일·게임>응용프로그래머> iOS|인터넷·IT·통신·모바일·게임>응용프로그래머>Android|인터넷·IT·통신·모바일·게임>웹프로그래머>JSP|인터넷...
https://kr.indeed.com/viewjob?jk=389c44830e0e9b27,홍보마케팅팀 / 홍보담당자,서울 마포구,,"로벌 기업으로 성장할 것 입니다. · 우리가 만들어 낸 성과 - 2016년 3월과 5월 각각 안드로이드, iOS 앱을 출시하며 나타난 와그WAUG는 현재 100만 다운로드를 기록하고, 무려 123개 도시에서 즐길 수 있는..."
https://kr.indeed.com/viewjob?jk=a0e96eb1693f7f4f,Music iOS 앱 개발자,성남 분당구,,채용제목 Music iOS 앱 개발자 (지원마감) 회사소개 글로벌 모바일서비스기업 업무내용/자격요건 담당직무 - Software Engineer( iOS) [자격요건] - iOS Platform에 대한 지식 및 경험 보유자...
https://kr.indeed.com/viewjob?jk=8f1d9ab737b0aa4f,"[JOIN OUR TEAM] Nodejs(Typescript), TypeORM, React-native 개발",서울 송파구,,바스크립트|인터넷·IT·통신·모바일·게임>응용프로그래머>Android|인터넷·IT·통신·모바일·게임>응용프로그래머> iOS|인터넷·IT·통신·모바일·게임>웹프로그래머>백엔드|인터넷·IT·통신·모바일·게임>웹프로그래머>프론트엔드
https://kr.indeed.com/viewjob?jk=19b2edcf1d73827a,링크샵스 iOS 어플리케이션 개발 및 유지보수 담당,서울 중구,,니다. 주요 업무는 링크샵스 플랫폼( iOS 어플리케이션)의 지속적인 개발... 책임집니다 건강검진 비용지원 [담당업무] • iOS 어플리케이션 개발 및 유지보수 [자격요건] • iOS 어플리케이션 개발 3년차 이상 또는 그에...
https://kr.indeed.com/viewjob?jk=8034940d48e8ce69,앱개발 정규직 경력자를 모십니다.,성남 수내동,,"서비스 개발 및 운영 경험 보유, iOS 최신 트렌드를 이용한 개발 경험... 벤처기업 상세보기 담당업무 모집부문 담당업무 자격요건 인원 IOS 개발 및 운영자 - IOS앱 개발 및 운영 [자격요건] - 학력 : 대학교(4년..."
https://kr.indeed.com/viewjob?jk=6f45204770eaa18b,"[영상교육어플 아임크리] 유니티 개발자님 (교육어플, VR업무 등)",서울 강남구,,개발자Android/ iOS 클라이언트 개발 [담당업무]-VR관련 유니티 개발 (하반기 예정)-아임크리 app 서비스 유지보수-앱 서비스 업데이트-유니티 NGUI 기반의 APP내 미니게임 개발- ios버전으로 컨버팅 등-유니티...
https://kr.indeed.com/viewjob?jk=481b7708aba90925,Messenger Android/iOS 개발,대한민국,,앱개발 경험이 있으신 분 Swift/Objective-C를 이용한 iOS Native 앱개발 경험이 있으신 분 우대사항 소프트웨어 디자인 패턴에 대한... watch?v=SFCWgoe0zEY iOS 개발자 인터뷰 : https...
https://kr.indeed.com/viewjob?jk=c73901a8ae25e4e2,웹/게임 서버 개발자,서울 강남구,,"집부문 및 자격요건 담당업무 자격요건 인원 [담당업무]- 웹 및 모바일 서버 작업 및 유지보수- 게임 플랫폼 ( IOS, Android 등 개발)- 게임 서버 운영 / 관리 - 서버 성능 개선 및 테스트 [자격요건]- Java..."
https://kr.indeed.com/viewjob?jk=07c185361498cbfa,QA 엔지니어,서울 강남구,,"끌어낼 수 있도록 제품의 품질을 책임집니다. 플랫폼 별 테스트 계획, 설계, 수행 웹(PC, Tablet), iOS, Android, 서버 등 플랫폼 전반에 걸친 블랙박스 테스팅 및 화이트박스 테스팅을 수행합니다. QA..."
https://kr.indeed.com/viewjob?jk=c5e92739f6866bd3,Sr. iOS Developer,서울,,iOS apps in quick iteration cycles 자격요건 [What We Expect From You... least 3 years experience on iOS development...
https://kr.indeed.com/viewjob?jk=ab558fe4ac93a846,신입 R&D 연구원,서울 중구,,백엔드|인터넷·IT·통신·모바일·게임>응용프로그래머>C·C++|인터넷·IT·통신·모바일·게임>응용프로그래머> iOS|인터넷·IT·통신·모바일·게임>응용프로그래머>Android|인터넷·IT·통신·모바일·게임>응용프로그래머>자바스...
https://kr.indeed.com/viewjob?jk=9ccd8f884b67431a,모바일 게임 클라이언트 프로그래머,서울 노원구,,모바일 게임 클라이언트 프로그래머 Android / Ios 런칭 유경험자 유니티 엔진 사용 중급이상 2년이상 경력자 - 하루 7시간 근무. - 오후 티타임. 놀게임즈는 모바일 게임 개발사입니다. 현재 프로젝트는 unity...
https://kr.indeed.com/viewjob?jk=c87daf24f82ee03b,Desktop/C++ Developer,대한민국,,익숙하신 분 AR에 대한 개념적인 이해도가 있으신 분 우대사항 QT Framework 사용 경험이 있으신 분 iOS/Android 등의 Mobile Application 개발 경험이 있으신 분 외국어로 업무 진행이 가능하신...
https://kr.indeed.com/viewjob?jk=7378eaa8e5e2d28c,[아이폰 App.] iOS 개발 및 운영 경력인재 - 우량대기업,서울,,[아이폰 App.] iOS 개발 및 운영 경력인재 채용 - 우량대기업 1. 채용 회사: 글로벌 우량대기업2. 채용포지션: iOS App 개발 Task - 선임 ~ 책임연구원 (다수 채용 계획) 3. 담당 직무: iOS App 개발 및...
https://kr.indeed.com/viewjob?jk=be23d02b36da099e,안드로이드/iOS/유니티 경력 개발자 모집,서울 서초동,,"인원 모바일(Andriod, iOS) APP 개발 - 개발직 [자격요건] - 학력 : 무관 - 경력 : 3~년 - 성별 : 무관 - 연령 : 무관 [우대사항] - 직접 : Android/ iOS 경험자 0명 Unity 개발..."
https://kr.indeed.com/viewjob?jk=6211b82a22d97aa9,Global ADS SDK Engineer (iOS),대한민국,,LINE 광고 플랫폼에서 LINE 앱( iOS)에 사용하는 SDK와 외부... 년 이상 Swift/Objective-C를 이용하여 개발 경험이 있으신 분 iOS 대한 이해와 관심이 있으신 분 문제의 해결과 더불어 원인을 분석하고...
https://kr.indeed.com/viewjob?jk=de706e451cc16150,"시니어 앱 개발자 (iOS, Android)",서울 서초구,,"앱 개발자 ( iOS, Android) - iOS/Android 개발자... 2016 올해의 앱’ 선정 모집 분야 앱 개발자 ( iOS, Android) - iOS/Android 개발자 - 3년 이상 앱서비스 개발 경험자..."
https://kr.indeed.com/viewjob?jk=cff602f838e77ed4,Technical Solutions Engineer,서울,,"app or native iOS/Android development... ìµœì†Œ í•˜ë‚˜ ì�´ìƒ�ì—� ëŠ¥ìˆ™ Android, iOS ê°œë°œ ìž‘ì—… ê²½í—˜ í˜¹ì�€ ê²½ë ¥ ì˜�ì..."
https://kr.indeed.com/viewjob?jk=671f3c6962e9a732,모바일앱 개발자,서울 강남구,,[프로젝트 모바일앱 개발업무] - 풀스텍 모바일앱 개발자 (안드로이드/ iOS용) - 모바일 기기의 카메라 촬영 기능 연동 - 빅데이터 기반 패션 이커머... 도적/주인의식 - Android/ iOS 모바일 앱 모두 풀스택 개발 가능...
https://kr.indeed.com/viewjob?jk=ebcc638fd134d445,"제품,소프트웨어 개발 직원",안산 단원구,"연봉 40,000,000원 - 50,000,000원",Web API응용 개발 4. 접근성 적용 5. 개발문서 작성/관리 6. 앱 테스트 및 테스트 자료 작성 7. IOS/Android 모두 가능한 인재 우대합니다 (1명) [근무부서 및 직급/직책] 근무부서: 개발팀 직급/직책...
https://kr.indeed.com/viewjob?jk=95d8c5fbf21160cc,iOS Software Engineer,성남 분당구,,"App으로 개발 지원자격 - iOS 플랫폼에서 상용 서비스 개발 경험이... 개발문서, 레퍼런스 등을 어려움 없이 읽을 수 있으신 분 우대사항 - iOS용 게임 개발 경험이 있으신 분 - 다양한 언어 사용 경험이 있으신 분..."
https://kr.indeed.com/viewjob?jk=96dfa052e1e81ba9,Android 또는 iOS 어플리케이션 개발,성남 중원구,,채용제목 Android 또는 iOS 어플리케이션 개발 (지원마감) 회사소개 국내 헬스케어 솔루션 기업 업무내용/자격요건 자격요건 - 신입 및 경력 - 경력의 경우 3년이상 - 학력 : 4년제 대졸 이상 - Mobile UI...
https://kr.indeed.com/viewjob?jk=8373ffcbff31be2b,"김집사 부문별 개발 경력직 (BackEnd, Android, iOS)",서울 송파구,,"마인드 3. iOS 개발 [직무] - 김집사에서 제공하는 서비스의 iOS 앱 개발 [자격요건] - iOS 어플리케이션 개발 경험 (경력 3~6년차) - Swift, Object-C 개발에 능숙하신 분 - iOS..."
https://kr.indeed.com/viewjob?jk=cf6d78fdbb39b5ea,"[주식회사웹비즈크리에이티브]웹/앱 프로그래머, 디자이너, 퍼블리셔, 기획자",서울 송파구,,"DB 튜닝/ Scure Coding 2) 디자인 : Web / Mobile Web / Mobile App ( iOS, Android, WinOS) / UI/ UX 3) 퍼블리싱: Html5 / CSS3 / 시차스크롤링/ 반응형..."
https://kr.indeed.com/viewjob?jk=d838010c86457e4c,웹 & 앱 개발,서울 성동구,,"오픈모집부문 및 자격요건 모집부문 담당업무 자격요건 인원 스타트업 웹 & 앱 개발자 - Android / IOS 개발, 운영 및 최적화- 웹 / 앱 유지보수 및 데이터베이스 관리 [자격요건]- 경력 : APP 및 웹 개발 및..."
https://kr.indeed.com/viewjob?jk=c7dae00c9855a1c4,iOS Developer,서울 마포구,,"클라이언트 개발 경험이 있는 분 • iOS 개발 경력 2년 이상 혹은 그에... 사항] • iOS 앱 개발 외에 외에 Android 개발 경험이나 웹 Front-end, Back-end 개발 경험이 있는 분 • iOS UI/UX..."
https://kr.indeed.com/viewjob?jk=d3a6ba916d772b85,[인공지능기업] 병역특례 산업기능요원 (SW개발자),서울,,이브리드 기술 개발 경험 - 안드로이드/ iOS 동시 개발 가능자 [우대사항... 및 자격요건 담당업무 자격요건 인원 [안드로이드/ iOS 모바일 전문가]- 안드로이드 앱 개발- iOS 앱 개발... Full...
https://kr.indeed.com/viewjob?jk=56add096e14a7879,AI 연구 및 개발 직군 모집,서울 구로구,,"서비스 개발 경험(안드로이드 혹은 iOS(Objective-C, Swift... 모바일 제품 혹은 서비스 개발 경험 보유 (안드로이드(JAVA) 혹은 iOS (Objective-C, Swift 등)) - 음성 인식/합성 관련 딥러..."
https://kr.indeed.com/viewjob?jk=4f58657cb831be81,"스마트폰 어플리케이션(App), JAVA 외 신입/경력 정규직",서울 성동구,,"요건>- 안드로이드 Kotlin- iOS swift- JAVA, HTML... 대학교(4년)졸업 이상직무기술: 웹프로그래밍, 앱개발, 안드로이드개발, iOS 앱[우대사항]자격증: 정보처리기사 0 명 근무조건 고용형태: 정규직..."
https://kr.indeed.com/viewjob?jk=dd1a15e233c265d6,APP 개발자,부산 남구,"연봉 25,000,000원 - 30,000,000원",자격면허] - 컴퓨터활용능력2급 - IT+ Level 5 [장애인채용희망여부] 비희망 [병역특례] - 비희망 인터넷·IT·통신·모바일·게임>응용프로그래머>Android|인터넷·IT·통신·모바일·게임>응용프로그래머> iOS
https://kr.indeed.com/viewjob?jk=b075ca963afd4d71,윈도우 광고 차단 SW 개발자 (네트워크 개발 몰빵하고 싶은 분),서울 신대방동,,구글플레이 20만 다운로드 달성 2019.06 '유니콘 HTTPS 우회 앱( iOS)' 앱스토어 출시 2019.08 '유니콘 HTTPS 우회 앱( iOS)' 앱스토어 20만 다운로드 달성 2019.08 '유니콘 HTTPS 우회...
https://kr.indeed.com/viewjob?jk=3da206b50b44a349,모바일 게임 플랫폼 SDK (iOS) 개발자 모집,서울 구로구,,격요건 및 우대사항 모바일 게임 플랫폼 SDK 개발 ( iOS) SDK 개발 ( iOS) 지원하기 - 넷마블에서 퍼블리싱하는 게임들이 사용하는... 자격요건 - iOS 기반 개발 경력 2년 이상 - iOS 기반 설계 및...
https://kr.indeed.com/viewjob?jk=758e8fcb3beb06e4,안드로이드 소프트웨어 엔지니어,경기도 군포,"연봉 25,000,000원 - 30,000,000원",이상 - 상여금 : 0% (미 포함) - 면접 후 결정 가능 [장애인채용희망여부] 비희망 [병역특례] - 비희망 인터넷·IT·통신·모바일·게임>응용프로그래머>Android|인터넷·IT·통신·모바일·게임>응용프로그래머> iOS
https://kr.indeed.com/viewjob?jk=f93935e35c0eaf84,[서울/부산]iOS 개발자 정규직,부산 해운대구,,비스퀘어 [서울/부산] iOS 개발자 정규직 채용 공고 모집부문 및 자격요건 담당업무 자격요건 인원 [담당업무] 아이폰( IOS) 개발자 Swift 프로... 통신·모바일·게임>응용프로그래머> iOS|인터넷·IT·통신·모바일·게임>통신...
https://kr.indeed.com/viewjob?jk=6e67bd5bc8565f3e,iOS 개발자,서울,,Mobile팀에서의 iOS Engineer의 역할은 1) iOS 애플리케이... 도록 아키텍쳐 설계 및 개선 iOS 앱이 빠르고 안전하게 동작할 수 있도록 보안 및 성능 개선 [자격요건] iOS 개발 경력 2년 이상 Cocoa...
https://kr.indeed.com/viewjob?jk=7ab773b52b1da5f4,쓰담 Product Designer (UX/UI),서울 서초구,,"제안 및 구축 [이런 분을 모십니다... 혹은 모바일 UX/UI 경험 2년 이상 - Android, iOS 개발에 대한 이해도 - Sketch, Zeplin, Photoshop등 툴을 통한 App/Web UI 디자인..."
https://kr.indeed.com/viewjob?jk=1860c62ad0402bc5,병역특례 전문연구요원 클라이언트 프로그래머,서울 강남구,,에 대한 지식이 있으신 분 - 프로그래밍 언어(C++ or C 인터넷·IT·통신·모바일·게임>응용프로그래머>C·C++|인터넷·IT·통신·모바일·게임>응용프로그래머>C#|인터넷·IT·통신·모바일·게임>응용프로그래머> iOS
https://kr.indeed.com/viewjob?jk=9f4d76c4271d1c1a,Unity3D 신입&경력 개발자,서울 금천구,"월급 1,822,480원","[직무내용] Unity3D 를 이용한 콘텐츠 개발인터렉티브 전시 콘텐츠 개발키오스크 개발Android 및 iOS App 개발[게임콘텐츠제작 > 게임 UI/UX 프로그래밍]게임 UI/UX 설계하기,게임 UI/UX 요소 프로그래밍..."
https://kr.indeed.com/viewjob?jk=ded3a35503c873c9,배우고 즐길 수 있는 회사 웬진 건설통합관리플랫폼 개발 및 영업인원,서울 강남구,,"[개발] - Java, JavaScript, iOS, Android 중 개발경험 명시 - 문제에 대해 체계적으로 정리할 줄 알며 꼼꼼한 분 [영업, 마케팅] - 새로운 영업 채널을 발굴하고 나아갈 수 있는 역동적인 분 - 전략..."
https://kr.indeed.com/viewjob?jk=4a12def9fa9ec90b,LG ThinQ App Senior iOS Engineer,서울특별시,,"1. 필요 Skill 및 직무 경험 - iOS 개발 경력 10년 이상 - Objective-C, Swift 숙련자 - iOS Platform 및 UI... 용에 능숙한 개발자 - 1개 이상의 iOS Application 상용 출시..."
https://kr.indeed.com/viewjob?jk=1e93ab282f5e1270,iOS 앱개발,성남 서현역+1 지역,,채용제목 iOS 앱개발 (지원마감) 회사소개 글로벌 모바일서비스기업 업무내용/자격요건 담당직무 -음악서비스관련 아이폰 ( iOS) 앱 개발 [자격요건] - iOS Platform에 대한 지식 및 경험 보유자...
https://kr.indeed.com/viewjob?jk=5f3fbbcdfba8965a,JT친애저축은행 [업무개발자] 경력직원,서울,,"JAVA / JSP 사용 개발 경험· Oracle DB SQL[우대사항]· 하이브리드 앱 (Android, IOS) 개발경험· 금융권 여/수신 업무 개발 경험0 명 공통 자격요건 및 우대사항 [자격요건] · 해외여행 및 건강..."
https://kr.indeed.com/viewjob?jk=5352cf066e6ae2cc,여행 좋아하는 경력직(4년 이상) 개발자,서울 강남구,,"스타트업 경험자 · Node.js, JAVA/Spring Framework 등 백엔드 개발 경험자 · iOS 또는 하이브리드 앱개발 경험자 (xcode, swift, Ionic, React native, Flutter 등..."
https://kr.indeed.com/viewjob?jk=31e2d44317392788,"모바일 개발자 (Software Engineer, Mobile)",서울 강남구,,"들과 함께 더 좋은 조직 문화와 개발 문화 형성 【자격 요건】 • 모바일 앱 개발 경험 (Android, iOS 또는 Cross-Platform 개발 프레임워크) • Git flow를 통한 전체적인 소프트웨어 프로세스 관리..."
https://kr.indeed.com/viewjob?jk=b7ae7b1a66121ef4,[기업부설연구소] Windows 응용프로그램 및 Mobile App개발,경기도 광명,"연봉 24,000,000원 - 100,000,000원","C++, C# 활용 Windows 응용프로그램(서버) 개발Android/ IOS Mobile App 개발 [근무시간 및 형태] 주 5일 근무 (오전... 로그래머>Android|인터넷·IT·통신·모바일·게임>응용프로그래머> iOS"
https://kr.indeed.com/viewjob?jk=8539d096f25381e1,업계 상위 연봉 개발직군(iOS/Android/Frontend/Backend) 및 기획직군(PM),서울 강남구,,"조사 지원, 건강검진, 4대보험 1. iOS 개발자 [자격요건] - 2년 이상의 iOS 개발 경력 - iOS 플랫폼 및 애플의 디자인 인터페이스 가이... 모바일 환경(Android, iOS Webview) 개발 경험 4..."
https://kr.indeed.com/viewjob?jk=1e9274cb28328c9c,[NAVER Cloud] MYBOX iOS 개발,서울,,"[ 역할] - MYBOX iOS App 개발 [지원자격/ 필요역량] - iOS 개발 2년 이상 유경험자 - Swift, Objective-C 개발 경험을 보유하신 분 - 밝고 긍정적인 분 [ 우대사항] - Combine 혹은..."
https://kr.indeed.com/viewjob?jk=7b0819d122a17b94,[앱 개발자] Android/IOS 앱개발자 채용,안양 관양동,"연봉 40,000,000원 - 50,000,000원","근무조건 정규직 급여 4000~5000만원 주 5일 | 오전 9시~오후 6시 경기 경기전체 지하철 평촌 서울4호선역 지원자격 경력 무관, 경력무관 학력무관 기업정보 IT컨설팅 2018년 설립(업력 4년) 사원 6명..."
https://kr.indeed.com/viewjob?jk=8e6816f0527d9eda,iOS App 개발자,서울 금천구,"연봉 40,000,000원 - 60,000,000원",Swift 언어로 개발을 자신있게 할 수 있는 분 2년 이상의 iOS App 개발 경험을 가지신 분 RESTful에 대한 이해와 경험을 가지신 분... 어플리케이션(App)|인터넷·IT·통신·모바일·게임>응용프로그래머> iOS
https://kr.indeed.com/viewjob?jk=747535dad720250f,홍보마케팅팀 / 컨텐츠 마케터,서울 마포구,,"로벌 기업으로 성장할 것 입니다. · 우리가 만들어 낸 성과 - 2016년 3월과 5월 각각 안드로이드, iOS 앱을 출시하며 나타난 와그WAUG는 현재 100만 다운로드를 기록하고, 무려 123개 도시에서 즐길 수 있는..."
https://kr.indeed.com/viewjob?jk=10190d4e142c9c96,Junior Multimedia Software Engineer,서울,,"market leader player SDK for video apps on Android, iOS, Smart TVs, STBs, and web browsers. NexPlayer is integrated..."
https://kr.indeed.com/viewjob?jk=389c44830e0e9b27,홍보마케팅팀 / 홍보담당자,서울 마포구,,"로벌 기업으로 성장할 것 입니다. · 우리가 만들어 낸 성과 - 2016년 3월과 5월 각각 안드로이드, iOS 앱을 출시하며 나타난 와그WAUG는 현재 100만 다운로드를 기록하고, 무려 123개 도시에서 즐길 수 있는..."
https://kr.indeed.com/viewjob?jk=7ab773b52b1da5f4,쓰담 Product Designer (UX/UI),서울 서초구,,"제안 및 구축 [이런 분을 모십니다... 혹은 모바일 UX/UI 경험 2년 이상 - Android, iOS 개발에 대한 이해도 - Sketch, Zeplin, Photoshop등 툴을 통한 App/Web UI 디자인..."
https://kr.indeed.com/viewjob?jk=09b5323024ce9988,iOS개발자,서울 송파구+1 지역,,채용제목 iOS개발자 (지원마감) 회사소개 원격지원 솔루션 개발기업 업무내용/자격요건 담당직무 ? iOS Application 개발... 이력서 자격요건 - ios 개발경력 3년 이상 - Objective...
https://kr.indeed.com/viewjob?jk=fd2ae6b4259cf5e7,(주)모은정보기술 소프트웨어 개발 프리랜서,서울 종로구,,래머>.NET|인터넷·IT·통신·모바일·게임>응용프로그래머>C#|인터넷·IT·통신·모바일·게임>응용프로그래머> iOS|인터넷·IT·통신·모바일·게임>응용프로그래머>Android|인터넷·IT·통신·모바일·게임>웹프로그래머>웹개발...
https://kr.indeed.com/viewjob?jk=1860c62ad0402bc5,병역특례 전문연구요원 클라이언트 프로그래머,서울 강남구,,에 대한 지식이 있으신 분 - 프로그래밍 언어(C++ or C 인터넷·IT·통신·모바일·게임>응용프로그래머>C·C++|인터넷·IT·통신·모바일·게임>응용프로그래머>C#|인터넷·IT·통신·모바일·게임>응용프로그래머> iOS
https://kr.indeed.com/viewjob?jk=b5fd437924c9e575,앱(안드로이드/iOS) 개발(팀장),서울,,모집부문 앱(안드로이드/ iOS) 개발 업무내용 - 앱(안드로이드/ iOS) 개발 및 총괄 - 앱(안드로이드/ iOS) 개발 조직 관리
https://kr.indeed.com/viewjob?jk=44555f028d57be1e,APP 개발자(react native),과천 과천시,,"담당업무 - iOS, Android 플랫폼을 위한 React Native... Total Care Service를구성할것입니다. - 담당업무 - iOS, Android 플랫폼을 위한 React Native 모바일 앱 개발..."
https://kr.indeed.com/viewjob?jk=9659a2487d919f9c,화해 iOS 서비스 개발 경력직,서울 마포구,,"버드뷰(Birdview)는 '화장품 시장의 정보 비대칭 문제를 해결하여, 소비자가 중심이 되는 화장품 시장을 만든다'라는 미션 아래에서 모바일 화장품 포털 서비스 '화해'를 운영하고 있습니다. '화해' 서비스는 2018년..."
https://kr.indeed.com/viewjob?jk=b075ca963afd4d71,윈도우 광고 차단 SW 개발자 (네트워크 개발 몰빵하고 싶은 분),서울 신대방동,,구글플레이 20만 다운로드 달성 2019.06 '유니콘 HTTPS 우회 앱( iOS)' 앱스토어 출시 2019.08 '유니콘 HTTPS 우회 앱( iOS)' 앱스토어 20만 다운로드 달성 2019.08 '유니콘 HTTPS 우회...
https://kr.indeed.com/viewjob?jk=758e8fcb3beb06e4,안드로이드 소프트웨어 엔지니어,경기도 군포,"연봉 25,000,000원 - 30,000,000원",이상 - 상여금 : 0% (미 포함) - 면접 후 결정 가능 [장애인채용희망여부] 비희망 [병역특례] - 비희망 인터넷·IT·통신·모바일·게임>응용프로그래머>Android|인터넷·IT·통신·모바일·게임>응용프로그래머> iOS
https://kr.indeed.com/viewjob?jk=0224e8cd9aba5320,Network Engineer,서울,,"Experience configuring and troubleshooting Cisco NXOS, IOS-XR, IOS-XE, IOS. Experience configuring and troubleshooting Load..."
https://kr.indeed.com/viewjob?jk=74439a99b121d4cc,[버티컬서비스] 백엔드 개발자(정규직),대한민국,,wemakeprice.com/#Benefit V개발그룹의 다른 채용 공고도 확인 하실 수 있습니다. iOS 개발자 https://vvd.bz/Lzl Android 개발자 https://vvd.bz/Lzm 프론트엔드 개발자...
https://kr.indeed.com/viewjob?jk=e50bca6e6f9070c3,Graphic Designer (Contents),대한민국,,"높은 그래픽 스타일 제안 자격요건 5년 이상 Illustration 업무 경험이 있으신 분 Android, iOS, Web 실무 환경에 대한 이해도가 높으신 분 텍스트와 이미지 등 다양한 매체를 통해 아이디어를 창의적으로..."
https://kr.indeed.com/viewjob?jk=1179e97186a9e11e,"[텔로스] 모바일개발자, Unity 개발자 외 신입/경력 정규직",전주 완산구,,"모바일 개발자ㆍAndroid 및 iOS 개발Unity 개발자ㆍUnity를... 사항]모바일 개발자ㆍReact native / Flutter 유 경험자ㆍ iOS, 안드로이드의 UI/UX 대해 이해하고 있는 분ㆍ프로그래밍 언어 이해도..."
https://kr.indeed.com/viewjob?jk=f420312e952e70c4,(주)지오멕스소프트 연구개발본부 인재,강원도 춘천,,"컴퓨터공학 관련 전공자[우대사항]ㆍ Python, C, C++ 경력자ㆍ C#, JAVA, Android, iOS 경력자 등 [근무시간 및 형태] 주 5일 근무 (오전) 9시 00분~(오후) 6시 00분 주소정근로시간 : 40..."
https://kr.indeed.com/viewjob?jk=ce5c3575f0a617c5,iOS개발(ASAP),서울 잠실역,,채용제목 iOS개발(ASAP) (지원마감) 회사소개 동영상 메신저 포탈서비스 업무내용/자격요건 담당직무 메신저서비스 iOS개발 [자격요건] - 아이폰 SDK활용능력있는 분 - 아이폰 서비스 개발 경험 3년이상 - 오픈...
https://kr.indeed.com/viewjob?jk=d3a6ba916d772b85,[인공지능기업] 병역특례 산업기능요원 (SW개발자),서울,,이브리드 기술 개발 경험 - 안드로이드/ iOS 동시 개발 가능자 [우대사항... 및 자격요건 담당업무 자격요건 인원 [안드로이드/ iOS 모바일 전문가]- 안드로이드 앱 개발- iOS 앱 개발... Full...
https://kr.indeed.com/viewjob?jk=b59a02eb5ad2e374,[서울지사][던파모바일2D] Unity 클라이언트 프로그래머,제주도,,"사항 - 모바일 게임 출시 경험이 있으신 분 - 중국시장 라이브 서비스 경험이 있으신 분 - Android, IOS 모바일 플랫폼 개발 및 유지보수 경험이 있으신 분 기타사항 ※ 본 채용은 네오플 서울지사로 입사를 희망하는..."
https://kr.indeed.com/viewjob?jk=0406150f5299897e,Global Multimedia Client Engineer (iOS/Android),대한민국,,Android Native 앱 개발 경험이 있으신 분 2년 이상 Swift/Objective-C를 이용한 iOS Native 앱 개발 경험이 있으신 분 우대사항 Open GL/Metal를 이용한 앱 개발 경험이 있으신 분...
https://kr.indeed.com/viewjob?jk=6718bba08ef6e20b,모바일 앱 보안 솔루션 개발부문,서울 용산구,,"- 앱수트는 Android/ iOS 모바일 앱 보안 제품입니다. - 앱수트는 C... 곧 개발예정 창립기념일 휴가 솔루션 개요> - 앱수트는 Android/ iOS 모바일 앱 보안 제품입니다. - 앱수트 제품군에는 위변조 방지, 난독화..."
https://kr.indeed.com/viewjob?jk=33ee292fae87d34d,LINE Pay(Taiwan) UI Designer,대한민국,,"및 신규 기능에 대한 설계 및 디자인 자격요건 3년 이상 UI Design 경험이 있으신 분 Android, iOS, Web 실무 환경에 대한 이해도가 높으신 분 사용자 경험 중심의 UX/UI 설계 및 제작 경험이 있으신 분..."
https://kr.indeed.com/viewjob?jk=86391a8ad59645f2,[버티컬서비스] 프론트엔드 개발자(정규직),대한민국,,wemakeprice.com/#Benefit V개발그룹의 다른 채용 공고도 확인 하실 수 있습니다. iOS 개발자 https://vvd.bz/Lzl Android 개발자 https://vvd.bz/Lzm 검색 개발자...
https://kr.indeed.com/viewjob?jk=c6b6b5872b0e6ab1,웹/서버 개발자,서울 역삼동,,"께하실 개발자를 모십니다. 현재 밋잇챗은 베타서비스(www.meeteatchat.com) 중이며 안드로이드, iOS 제품도 출시되어 있고 웹은 Ruby on Rails, 모바일 어플리케이션은 하이브리드(ReactNative..."
https://kr.indeed.com/viewjob?jk=d6d98bee968fe7a9,Campaign Manager,서울 강남구,,support Twitch's revenue functions by fulfilling IOs... exact fashion of which... sold... involves scheduling...
https://kr.indeed.com/viewjob?jk=90445cbad626a3d8,LINE Service & SDK Module QA,대한민국,,"에서 사용하고 있는 글로벌 서비스로써, Q part와 함께 하신다면, iOS/Andorid/Mac/Window의 다양한 플랫폼에 대해서, 다양한 국가... Mobile Application( iOS/Android/Web) QA 경험..."
https://kr.indeed.com/viewjob?jk=d566c8261475e445,반려견 플랫폼 신규사업 채용 [어플리케이션 개발],서울,,개선 경험 - Git 버전관리 및 협업 도구 사용 경험 업무내용 - 자사 하이브리드 앱(안드로이드 및 iOS) 신규 개발 및 운영 제출서류 - 이력서 및 자기소개서는 당사 홈페이지 온라인 입사 지원에서 작성 - 최종...
https://kr.indeed.com/viewjob?jk=dd1a15e233c265d6,APP 개발자,부산 남구,"연봉 25,000,000원 - 30,000,000원",자격면허] - 컴퓨터활용능력2급 - IT+ Level 5 [장애인채용희망여부] 비희망 [병역특례] - 비희망 인터넷·IT·통신·모바일·게임>응용프로그래머>Android|인터넷·IT·통신·모바일·게임>응용프로그래머> iOS
https://kr.indeed.com/viewjob?jk=db06dee65141c598,[위메프서비스] QA 품질테스터(정규직),대한민국,,업무(반복작업) 수행 시 꼼꼼함과 집중력을 보유하신 분 - 원활한 커뮤니케이션 능력을 보유하신 분 - iOS/Android에 대한 테스트 경력이 있으신 분 [우대사항] - Web/App 테스트 경험하신 분 - ISTQB...
https://kr.indeed.com/viewjob?jk=bf0648979c9fdcd0,[(주)레저플러스] 골프부킹 앱/골프장 솔루션/개발 및 유지보수/경력 정규직,서울 양천구,,UX에 대한 관심을 가지고 계신 분 - 하이브리드 앱 개발 유경험자 - IOS개발 유경험자 - 골프관련 소프트웨어 개발 유경험자 - RESTfull... 통신·모바일·게임>응용프로그래머> iOS|인터넷·IT·통신·모바일·게임>응용...
https://kr.indeed.com/viewjob?jk=69a0719cd470a097,QA Engineer,서울,,"프로세스 구축, 개선을 직접 진행해 안정적으로 도입한 분 Web application 및 Android / iOS application에 대한 이해가 높은 분 기획 단계부터 서비스까지 모든 과정의 QA 프로세스를 경험한 분..."
https://kr.indeed.com/viewjob?jk=68c8001508223d3e,[어니컴(주)] Android 앱 개발 경력자,서울,,Android의 구 버전 개발 경험ㆍAndroid 최신 Trend 이해ㆍ iOS에 대한 관심 혹은 개발 경험 1 명 근무조건 고용형태: 정규직(수습기간... 통신·모바일·게임>응용프로그래머> iOS|인터넷·IT·통신·모바일·게임>응용...
https://kr.indeed.com/viewjob?jk=b3e550a2ea73629d,[피파온라인4] 소프트웨어개발자,서울,,경험 원활한 커뮤니케이션 스킬 Preferred Skills 다양한 컨텐츠 개발 경험 Android / iOS 모바일 개발 경험 UI/UX에 대한 깊은 관심과 경험 라이브 서비스에 필요한 빌드 관리 및 배포 경험...
https://kr.indeed.com/viewjob?jk=7794127e4298bbcc,비즈니스팀 / 제휴담당자,서울 마포구,,"로벌 기업으로 성장할 것 입니다. · 우리가 만들어 낸 성과 - 2016년 3월과 5월 각각 안드로이드, iOS 앱을 출시하며 나타난 와그WAUG는 현재 100만 다운로드를 기록하고, 무려 123개 도시에서 즐길 수 있는..."
https://kr.indeed.com/viewjob?jk=d89bee33eb6a66b7,"스마트폰 어플리케이션(App), 웹개발 외 경력 정규직",서울 금천구,"연봉 40,000,000원 - 50,000,000원","React Native 기반 자사 iOS/Android App 개발... 엔드 개발자, React Native 앱 프론트엔드 개발자 기타: - iOS, Android 네이티브 앱 개발 경험이 있으신 분 - 오픈 소스에 기여..."
https://kr.indeed.com/viewjob?jk=eb2c9949c5a9d5d7,Product Designer (Chat),대한민국,,"격요건 3년 이상 Mobile UI Design/Product Design 경험이 있으신 분 Android, iOS, Web 실무 환경에 대한 이해도가 있으신 분 사용자와 인터페이스 간의 상호작용 전반에 대한 이해도가 높으신..."
https://kr.indeed.com/viewjob?jk=25690b6e971e1da9,iOS 개발자,서울 강남구+2 지역,,채용제목 iOS 개발자 (지원마감) 회사소개 솔루션 개발회사 업무내용/자격요건 담당직무 iOS 개발자 [자격요건] iOS 개발 경력 6년미만 [전형... 제출서류] 국문이력서 자격요건 iOS 개발 경력 6년미만 [전형절차...
https://kr.indeed.com/viewjob?jk=7bf142690ce4a0d7,"웹개발, JAVA 외 신입/경력 정규직",서울 성동구,"연봉 30,000,000원 - 35,000,000원","학력사항: 대학교(4년)졸업 이상직무기술: 모바일앱개발, 안드로이드, iOS 앱, 프런트엔드기타: 앱개발 아르바이트 및 학교 동아리 경험자[우대사항... 통신·모바일·게임>응용프로그래머> iOS|인터넷·IT·통신·모바일·게임>응용..."
https://kr.indeed.com/viewjob?jk=2e29f7be7d8ba08b,프로덕트 디자이너(UX디자인) 중소벤처기업,대한민국,,"도출하는 것에 흥미가 있는 분 • 다양한 내/외부 관계자와 유연한 커뮤니케이션을 통한 협업이 가능한 분 • iOS, Android, Web등 플랫폼 별 디자인 가이드에 대한 이해도가 높은 분 • 회사의 비전과 방향성을 정확하..."
https://kr.indeed.com/viewjob?jk=d06d242b904a0e8d,게임 개발자 채용,대한민국,,임워크를 연동하고 툴을 개발합니다.) 네이티브 연동 개발을 합니다. ( iOS / Android 네이티브 기능을 활용할 플러그인 개발을 합니다.) 게임... 개발 경험이 있으신 분 3년 이상의 iOS / Android 네이티브 프로...
https://kr.indeed.com/viewjob?jk=81c8610f0408361e,GUI 디자이너,성남 판교역,,"Illustration 일러스트레이터 등 그래픽 툴 가능자 [우대사항] - 다양한 디바이스 환경( iOS, Window, Car, Web등)의 프로젝트 경험자 - 유지 운영 업무 경험자 - 디자인 관련 학과 우대 - 차량..."
https://kr.indeed.com/viewjob?jk=8e2ed0b9f875eb93,앱개발(React Native),서울 강남구,,"1. React-Native 앱( iOS, Android) 기능 개발 및... 6. 동료와의 원활한 의사소통 및 협업이 가능하신 분 우대사항 1. iOS, Android 네이티브 앱 개발 경험이 있으신 분 2. 오픈 소스..."
https://kr.indeed.com/viewjob?jk=15a42b2b8ed90b33,iOS 15만명의 필수일기앱 팔레토 와 함께할 개발자,서울 구로동,,술을 활용하여 iOS 앱 개발 및 출시 경험이 있음. Auto layout을 잘 다루거나 뷰를 보면 머릿속에서 제약이 마구마구 그려짐. 라이브러리 및 트렌드에 관심이 많음. 하루가 멀다하고 Awesome- iOS를 들여다봄...
https://kr.indeed.com/viewjob?jk=bf279e7cd27196b8,모바일 QA 담당자 (계약직),서울 가산동,,"시까지 추적 관리 - Test 를 진행/지원하고, Test 결과를 공유 지원자격 - Android, iOS 플랫폼의 다양한 모바일 게임 경험 보유 - MS Office 사용 능력 보유 - 버그에 대한 확인 및 발생..."
https://kr.indeed.com/viewjob?jk=ba68cf9c91dc27c0,하이브리드 앱 개발자,서울 역삼동,,"앱 개발자를 모십니다. 현재 밋잇챗은 베타서비스(www.meeteatchat.com) 중이며 안드로이드, iOS 제품도 출시되어 있고 웹은 Ruby on Rails, 모바일 어플리케이션은 하이브리드(react-native..."
https://kr.indeed.com/viewjob?jk=3da41543ee7cf58a,LINE Call Client SDK Development,대한민국,,혹은 Group Call Platform Android 또는 iOS/Mac 개발 테스트 Application 개발 자격요건 3~5년 이상의 Android 또는 iOS/Mac 개발 경험이 있으신 분 여러 엔지니어들과 커뮤니케이...
https://kr.indeed.com/viewjob?jk=34605f828d42dd52,[버티컬서비스] UI퍼블리셔(정규직),대한민국,,wemakeprice.com/#Benefit V개발그룹의 다른 채용 공고도 확인 하실 수 있습니다. iOS 개발자 https://vvd.bz/Lzl Android 개발자 https://vvd.bz/Lzm 프론트엔드 개발자...
https://kr.indeed.com/viewjob?jk=ff5b5fcb175a0edd,Vision AI Engineer,대한민국,,Quantization 관련 프로젝트 수행 경험 또는 연구 성과가 있으신 분 위 관련 기술을 응용하여 모바일 플랫폼( iOS/Android)에서 서비스화 경험이 있으신 분 근무지 서현역 분당스퀘어 (※ 본 포지션은 협의에 따라...
https://kr.indeed.com/viewjob?jk=dffd652fa65849a6,글로벌 슬롯 게임 클라이언트 프로그래머 (경력),대한민국,,엔진을 능숙하게 사용할 수 있는 분 - C# 또는 C++을 능숙하게 사용할 수 있는 분 - Android / iOS 개발 관련 지식이 있거나 혹은 분석이 가능한 분 모집기간 채용시 마감 고용형태 정규직
